allfunds_id,isin,name_last,n_obs,start_date,end_date,ann_return,ann_vol,sharpe,sortino,max_drawdown,ret_skew,ret_kurt,alpha_daily,beta_mkt,beta_smb,beta_hml,beta_wml,asia_name_flag,japan_name_flag,pacific_name_flag,ann_return_scaled,ann_vol_scaled,sharpe_scaled,sortino_scaled,max_drawdown_scaled,ret_skew_scaled,ret_kurt_scaled,beta_mkt_scaled,beta_smb_scaled,beta_hml_scaled,beta_wml_scaled,max_abs_scaled,l2_scaled,outlier_clustering_flag
3422,LU1223082519,"SCH ISF GBL GOLD ""A"" (USD) INC AV",1261,2016-06-30,2021-07-16,0.1096720107168371,0.3504215294149244,0.2663492416752509,0.3764950099478762,-0.446860301828802,0.1337614026165503,8.682387823008074,1.7824467519448984e-05,0.8531784263961946,0.8994395377728771,0.4838289707426595,0.9511666891935912,0,0,0,0.3039369472278324,2.5274516956955284,0.0212641407117297,0.0186844793646529,-1.518015782079843,0.7865616133922876,-0.3685218068177852,1.287355409394706,3.7075743007963418,3.231233028903981,7.897788806872336,7.897788806872336,9.887334144999903,1
3423,LU1223082600,"SCH ISF GBL GOLD ""C"" (USD) INC AV",1261,2016-06-30,2021-07-16,0.1190105382019162,0.3504312937803844,0.2902665151244253,0.410328244759175,-0.4371327036682444,0.1343703243140808,8.683882163600433,5.102634708336971e-05,0.853165531106336,0.8993501107335461,0.4839657153486028,0.9513723831561428,0,0,0,0.3995642864587986,2.5275599370307638,0.0235684529812704,0.0200267277869849,-1.4410939651168613,0.7868684053834901,-0.36848934714347,1.2873156896845457,3.707149706161269,3.232117001547877,7.8995746658655825,7.8995746658655825,9.880833281703676,1
3424,LU1223082196,"SCHRODER ISF GLOBAL G ""A"" (USD)",1261,2016-06-30,2021-07-16,0.1183265671612119,0.3501996715353456,0.2887118156354467,0.40882146676123,-0.4400982905982905,0.1379932149887235,8.689878350237839,4.831276116157915e-05,0.8538827915184465,0.90490183289154,0.4864748400301307,0.9562736608885376,0,0,0,0.3925603631059905,2.524992325118265,0.0234186652926563,0.0199669501629467,-1.4645445981771132,0.78869372027782,-0.3683590995503984,1.2895249750895978,3.733508975810991,3.2483370020612274,7.942128131257638,7.942128131257638,9.932991017330233,1
3425,LU1223082279,"SCHRODER ISF GLOBAL G ""C"" (USD) A",1261,2016-06-30,2021-07-16,0.1274087676971584,0.350211488365902,0.3118085752619414,0.4415161001893843,-0.4306218869780884,0.1386367027444238,8.691344641257988,8.032312433629714e-05,0.8537466539799202,0.9044361393923266,0.486417070150637,0.9564584916504412,0,0,0,0.4855628919310448,2.5251233187320232,0.0256439250701583,0.0212640274416172,-1.389609123591397,0.7890179276277739,-0.368327249161532,1.2891056480615513,3.731297888841839,3.247963554108664,7.943732853507525,7.943732853507525,9.926675820202593,1
3427,LU1223082352,"SCHRODER ISF GLOBAL G ""A1"" (USD)",1261,2016-06-30,2021-07-16,0.1126790863916806,0.3501911046895883,0.2742555492299229,0.3884554351885259,-0.4459966514058798,0.1376353052643724,8.689138855229427,2.825236712806675e-05,0.8539187260844756,0.9050455750929974,0.4864492856509713,0.9561968375998776,0,0,0,0.3347296654707141,2.5248973586990626,0.0220258747590369,0.0191589791279543,-1.511186392269994,0.7885133952254368,-0.3683751626669687,1.2896356597320575,3.734191455830781,3.2481718081806146,7.941461142498015,7.941461142498015,9.937500284808598,1
3428,LU1223083087,"SCHRODER ISF GLOBAL G ""A"" (EURHDG)",1261,2016-06-30,2021-07-16,0.0878579262420102,0.3503385191727405,0.2097204793068033,0.2963221450148848,-0.4724749256859347,0.1304049325500795,8.768375049745938,-6.223792527640574e-05,0.8529270605428917,0.9020569985058692,0.4876855463106345,0.9586500937144528,0,0,0,0.0805588119254256,2.526531498731481,0.0158082365422258,0.0155038227685476,-1.720565617650051,0.7848705287433406,-0.3666540148368554,1.2865811593431848,3.720001859542082,3.2561634989411403,7.962760598449966,7.962760598449966,9.980130578198203,1
3430,LU1223083160,"SCHRODER ISF GLOBAL G ""C"" (EURHDG)",1261,2016-06-30,2021-07-16,0.0966267145262107,0.350333884225198,0.2326473816089679,0.3287028250190253,-0.4634947526057474,0.1300295781903451,8.764054789615246,-3.0453576525450065e-05,0.8528758829726905,0.901790520298664,0.4878243462014149,0.9588243097390826,0,0,0,0.1703519718467903,2.5264801187505896,0.0180171313976409,0.0167884447354391,-1.6495541286299835,0.7846814145897532,-0.3667478583940181,1.2864235236267805,3.718736635757534,3.257060757780561,7.9642731623118,7.9642731623118,9.970254019985328,1
3435,LU1223083327,"SCH ISF GBL GOLD ""A"" (GBPHDG) INC AV",1261,2016-06-30,2021-07-16,0.089154419098175,0.3510921472001328,0.2126639377614259,0.2987765051323874,-0.4684260833792131,0.0918979445191071,8.943414049958669,-5.9701123003049095e-05,0.8540329848949003,0.895820999039652,0.4869795517267268,0.9602553375003192,0,0,0,0.0938350123076682,2.534885723518488,0.0160918243619781,0.0156011933278194,-1.6885490497687388,0.7654696179511189,-0.3628518635947412,1.2899875965154182,3.690393679091471,3.251599663354288,7.9766975123767585,7.9766975123767585,9.974338733459863,1
3436,LU1223083590,"SCH ISF GBL GOLD ""C"" (GBPHDG) INC AV",1261,2016-06-30,2021-07-16,0.097425797013906,0.3512025835493202,0.2341467297297244,0.3288394484403501,-0.4592599369354508,0.0924825129605464,8.91878570667259,-2.956851691418568e-05,0.8542398567712228,0.8952940268741231,0.4858750192438957,0.959118284130891,0,0,0,0.178534646497206,2.5361099482715934,0.0181615862527612,0.0167938649257564,-1.6160669604219733,0.7657641400824056,-0.3633868340064927,1.2906247974669252,3.687891644404978,3.244459517003481,7.966825482296706,7.966825482296706,9.952765458319838,1
3439,LU1223083673,"SCHRODER ISF GLOBAL G ""A"" (CHFHDG)",1261,2016-06-30,2021-07-16,0.0836633127251693,0.3502697288714411,0.1987285656792874,0.280922902265906,-0.4764784008206902,0.1322935097877884,8.732696126135089,-7.715038337100445e-05,0.8529628798389358,0.9029970898493672,0.4873310185919479,0.9577604168559436,0,0,0,0.037605602186669,2.525768934682197,0.0147492194476794,0.0148928965771797,-1.7522234407270951,0.7858220474257039,-0.3674290230553634,1.2866914889342698,3.724465361229204,3.2538716878480414,7.955036320113635,7.955036320113635,9.980063658313993,1
3440,LU1223083756,"SCHRODER ISF GLOBAL G ""C"" (CHFHDG)",1261,2016-06-30,2021-07-16,0.0925785481278642,0.3503372563075176,0.2220849503002337,0.3138791832393671,-0.4676144555633029,0.1355423855406586,8.754529062892296,-4.478560400228205e-05,0.8527002919583943,0.9022725260028625,0.4870944781773102,0.9581243892334944,0,0,0,0.1288983934259305,2.5265174994379773,0.016999492823051,0.0162003540635618,-1.6821310331867372,0.7874589230132142,-0.3669547737308727,1.2858826731091817,3.72102517217346,3.252342594584922,7.958196370781525,7.958196370781525,9.969699769233353,1
3755,LU0108940346,"ABERDEEN STANDARD LIQ ""I2"" (EUR)",1390,2016-01-06,2021-07-16,-0.004223933561961,0.0002132537067051,-66.09634261834151,-67.67324406985765,-0.0230746777323029,-6.454070662957628,107.7635344179993,-5.606153594586143e-05,0.0014288450321754,0.0018932247349174,0.0008882125111595,-4.90349335963222e-05,0,0,0,-0.8623674961635123,-1.3547269802493027,-6.372456507160069,-2.6810176162051422,1.8331053960615664,-2.5325746980621533,1.783692866131668,-1.3361797629006475,-0.5539259355609327,0.1093079192825248,-0.3607771441022251,6.372456507160069,8.097228488089248,1
3955,LU0094032728,"CANDRIAM MONEY MARKET USD ""C"" (USD) INC",1386,2016-01-06,2021-07-15,0.005733714700479,0.0084309597006839,-0.4928647556619545,-0.1751738813161961,-0.0163441565540615,-26.143443722795944,738.7376184239878,-1.6633691657819466e-05,0.0033876975641914,0.0074544344854111,0.0061914186808945,0.0013093340953569,0,0,0,-0.7604003059553722,-1.263630894896972,-0.0518824130954525,-0.0032015951735557,1.886327569674512,-12.45263829746514,15.489546386373217,-1.3301461602696327,-0.5275216193469359,0.1435899967849971,-0.3489836256323053,15.489546386373217,20.07287046604813,1
5239,LU0147323579,"NN (L) LIQUID EUR ""A"" ACC",1397,2016-01-06,2021-07-15,-0.0041966936712113,0.0002036070601428,-69.55960443992439,-73.48017806795902,-0.0230444008616507,-1.3691712549860444,3.8385165780143966,-5.620402862698324e-05,0.0013360098530459,0.0021493486923795,0.0007804566323566,-0.0001628982436813,0,0,0,-0.862088557296812,-1.3548339166302403,-6.706124837919595,-2.911393104715459,1.833344813013633,0.0293415889797925,-0.4737391072388963,-1.336465711215741,-0.5527098731813023,0.1086113415387537,-0.3617657186514908,6.706124837919595,7.864339406972825,1
5397,LU0345759590,"STERLING MONEY ""A"" (GBP) D",1365,2016-01-06,2021-07-15,-0.0012671347848749,0.0011133157438304,-10.01050980178228,-7.478671952391294,-0.0083612375433576,-15.106280204265271,314.41486049494404,-4.43259361639314e-05,0.0011028170115618,0.0010073222777945,0.0003259167479139,-0.0003419670183175,0,0,0,-0.8320896177564621,-1.3447494843135233,-0.9688609434247508,-0.2929494959604775,1.9494531865879965,-6.891802829109511,6.2725187573506735,-1.3371839852659393,-0.5581321514136168,0.1056730112065559,-0.3633204146553339,6.891802829109511,9.818848292119043,1
5406,LU0345758782,"US DOLLAR MONEY ""A"" (USD) D",1364,2016-01-06,2021-07-15,-0.0006926717304637,0.0074065505762157,-1.4280703142139848,-0.7934903343626403,-0.014221590151548,-16.31339354633532,287.56645571792325,-4.241238173944275e-05,0.0011421975579918,-0.0013143051015863,-0.002158106007169,-0.0005311968828949,0,0,0,-0.8262070657730137,-1.2749868208824768,-0.1419848926984715,-0.0277317439527763,1.9031119455924992,-7.499980707025198,5.689324752313681,-1.3370626864112949,-0.569155109763786,0.0896152797357999,-0.3649633304281365,7.499980707025198,9.8398172435322,1
5619,LU0252500524,"JPM EUR MONEY MARKET ""D"" (EUR)",1406,2016-01-06,2021-07-15,-0.005167368478661,0.0006164505050709,-24.39525089203879,-174.6789083838045,-0.0284926470588242,-1.3775381354668552,-0.0053838001716788,-5.980150174544746e-05,0.0011631353815112,0.0014745430053623,0.0013615350257132,-6.287557082794096e-06,0,0,0,-0.8720283523280157,-1.3502574056521313,-2.3547603628917257,-6.926197981223317,1.7902623388169168,0.0251261177077515,-0.5572353028279997,-1.336998194314514,-0.5559138132487352,0.1123676681605147,-0.3604060063894923,6.926197981223317,7.86486162742078,1
7884,LU0141249424,"SWISSCANTO (LU) MONEY ""FT"" (CHF)",1375,2016-01-06,2021-07-15,-0.0078580413405576,0.00490871858062,-3.60834968499923,-3.2906751906723244,-0.042531542531543,-4.274978076257296,341.3316844679379,-7.26548167277348e-05,-0.0008774644534432,-0.0095237256695372,-0.0008554904761167,0.0038549883122867,0,0,0,-0.8995810780586254,-1.3026761440139312,-0.3520441419604413,-0.1268012669335789,1.6792485685016958,-1.4346861577130492,6.857198946213199,-1.34328359269535,-0.6081329844232739,0.0980359153215538,-0.3268819585702076,6.857198946213199,7.538985462112544,1
8016,LU0033502740,"UBS (LUX) MONEY MARKET FUND ""P"" (CHF)ACC",1387,2016-01-06,2021-07-15,-0.0085664976236269,0.0016179779934206,-11.414780308326996,-13.976436210185575,-0.0462560563162085,-2.0188398981648814,387.2684510323932,-7.411071373448072e-05,0.0040483256553265,0.0036939645425295,0.001878668950469,0.0007725794658142,0,0,0,-0.9068357324374468,-1.3391551304395282,-1.104155535630735,-0.5507319359888408,1.6497966562319435,-0.2979798670810755,7.855025338271448,-1.328111312151335,-0.5453761225827222,0.1157106317791665,-0.3536437919806248,7.855025338271448,8.417242086849884,1
8878,LU1475744105,"RENTA 4 SICAV VALOR RELATIVO ""I"" (EUR) A",1188,2016-10-13,2021-07-15,0.0115754353116808,0.044910541031637,0.0007449865967977,0.0022914004509216,-0.1021188934667464,28.0474337271792,901.538712638123,-1.1718860137281945e-05,0.0802416449783428,0.042837976708029,0.0114587456744898,-0.0049498525327598,0,0,0,-0.7005805753316212,-0.8592422422758272,-0.0043255296627004,0.0038388931450798,1.208056479119176,14.850260031366714,19.025869044932367,-1.0934227868951856,-0.3595225185156156,0.1776401367278546,-0.4033266145638566,19.025869044932367,24.22233511451837,1
8879,LU1475744287,"RENTA 4 SICAV VALOR RELATIVO ""R"" (EUR) A",1159,2016-11-09,2021-07-15,0.0111099590651799,0.0449218997238591,-0.0154093473397528,-0.0466347093408707,-0.1068434392669117,27.71340631630125,880.5838614212878,-1.4665269303417553e-05,0.0801996935018957,0.0428370342785001,0.0153356207977495,-0.0035346115241281,0,0,0,-0.7053470928579886,-0.859116327282407,-0.005881920694285,0.0018978729013713,1.1706967278964022,14.68196756467502,18.570693264188773,-1.093552004656364,-0.3595269931188777,0.2027018313309211,-0.391039326927781,18.570693264188773,23.760389300869633,1
10922,IE00BDBBQL54,"PIMCO GIS US INVESTME ""E"" (USD) D",843,2016-09-20,2021-07-15,0.0356511090246924,0.0715081726543448,0.3854027311493132,1.0203945535541312,-0.0802707930367496,17.57827963273219,432.5168877387507,0.0001042450334323,-0.0067026580021766,0.0053578323660989,-0.043800550951964,0.0600207367860335,0,0,0,-0.4540435681806762,-0.5643983865516928,0.0327343618934916,0.0442295728612144,1.380822207567885,9.575603792529758,8.837900009731602,-1.3612261904904157,-0.5374761702121215,-0.1795783890182177,0.1607556258293803,9.575603792529758,13.207383222304498,1
13172,LU1403048835,"MIRAE ASSET GLOBL EM OPP BD ""I"" (EURHDG)",281,2017-03-07,2018-04-20,-0.0498796283568993,0.0531101753807605,-1.0561777517660662,-0.5780458705835965,-0.0258143595041325,-14.786405632559436,234.93181870225263,-0.0002680409820346,-0.001920800039344,0.0490738649700496,0.0194679934694147,0.1170394288899902,0,0,0,-1.32988580897641,-0.7683464872959143,-0.1061548639779848,-0.0191845271932663,1.811441127419798,-6.730640963492458,4.54600897546314,-1.3464972457055864,-0.3299148660563777,0.229415165805376,0.6557985663893867,6.730640963492458,8.60373381519595,1
14571,FR0010213355,"GROUPAMA ENTREPRISES ""I"" (EUR)",1386,2016-01-06,2021-07-15,-0.0025212320679254,0.0001825661576748,-67.60609445365206,-75.64817816386648,-0.0138013565510557,-1.2446526493300654,5.74010494624148,-4.898655057255336e-05,0.0012140767739416,0.0018233191047787,0.000962635163209,8.300338102660604e-05,0,0,0,-0.844931683757394,-1.3550671622402102,-6.517913709272199,-2.9974030509880345,1.90643497883927,0.092077587920047,-0.4324333035753844,-1.3368412860662553,-0.5542578436252088,0.1097890175170348,-0.3596307720420181,6.517913709272199,7.751351250632894,1
15796,LU0083137926,"BNP EURO MONEY MARKET ""C"" (EUR) INC",1366,2016-01-06,2021-07-15,-0.0035753239764013,0.0002004338996015,-67.84771446386435,-68.04636493358994,-0.0192248284800484,-2.283857707798404,7.913627200602241,-5.397003803189286e-05,0.0012236281294299,0.001984650326882,0.0009430251296677,-4.5575110639378616e-05,0,0,0,-0.8557256772080213,-1.3548690922015882,-6.541192615008753,-2.695820247212112,1.8635484092935213,-0.4315033428438232,-0.3852206233776173,-1.336811866248958,-0.5534918519085273,0.1096622502995868,-0.3607471055154526,6.541192615008753,7.659345307534649,1
15822,LU0167238863,"BNP PARIBAS INST USD 1D S T VNAV ""C""(USD",1356,2016-01-06,2021-07-15,0.0116489852120718,0.0007882026049456,2.1507143099477317,222.47797133777084,-1.2016659897362558e-05,1.92748167741526,4.026160906101124,6.565780374015887e-06,0.0004264004176247,0.0004082732816182,0.0008129609408859,0.0002731200364399,0,0,0,-0.6998274179107825,-1.34835347480317,0.2028134948361221,8.830001453970201,2.0154753669845005,1.6902886722206358,-0.4696631463716407,-1.339267464687762,-0.5609764029042772,0.1088214625841178,-0.3579801570476641,8.830001453970201,9.471325065176508,1
19249,LU1512827921,"LO FUNDS - COMMODITY ""N"" (GBPHDG)",473,2016-01-06,2018-04-13,0.2588760738533886,0.2117217396253398,1.0876126092630427,3.762175035665935,-0.0908591891679968,15.386686140721574,295.86596796176315,0.0007107774815784,0.4596369563233348,0.35737188978357,0.0041541707991403,0.103573197126407,0,0,0,1.831799619688208,0.98991702381993,0.1003888477348102,0.1530028115722239,1.2970935568057884,8.471416942155686,5.8696045799435606,0.0751800105649978,1.133867098758772,0.1304203994624147,0.538883170323257,8.471416942155686,10.670859344643738,1
19997,LU0266114585,"GLOBAL PROPERTY ""B""",1384,2016-01-06,2021-07-15,0.487789702617371,0.8688563089892853,0.4462813424443083,0.5345915764613388,-0.4118257261410786,0.8087101725787453,7.515445477088056,0.0012626136749966,0.9970747623830412,0.4893083769953532,0.9314560814342064,0.1412915441609423,0,0,0,4.1758952244161485,8.274478781396425,0.0385997182125454,0.0249565626626982,-1.240976869293141,1.1266199130656838,-0.3938698223150351,1.7305808677757406,1.7602942404781807,6.124876385353436,0.86635826208783,8.274478781396425,11.54252466231,1
20160,LU0273165570,"DWS INVEST GOLD AND PREC MET ""LC"" (USD)",1344,2016-01-06,2021-07-15,0.2772176163641227,0.3510241128198069,0.6694064446525329,0.9940052356434428,-0.4329202262062332,0.6924109417727912,9.36327620027117,0.0006149407926112,0.864187274036629,0.6995324512819074,0.442714929845642,0.7343043278587866,0,0,0,2.0196186211844926,2.534131539112085,0.0600967300585455,0.0431826431032532,-1.407783438207212,1.0680250678844534,-0.3537317281141496,1.3212645531419416,2.7584265142634234,2.9654551784189005,6.014964471718592,6.014964471718592,8.251193558838068,1
20493,LU0266115632,"INDIAN EQUITY ""A"" (EUR)",1363,2016-01-06,2021-07-15,0.583860486284667,0.9250054245983366,0.4869691584509076,0.5850154568491728,-0.5546937151949078,0.7465891046366399,6.291631225596529,0.0015438605014332,0.9426935185030506,0.3959846054193052,-0.2106115148695805,0.3544207644119849,0,0,0,5.159668462179399,8.896910957934233,0.0425197901991814,0.0269570031844487,-2.3707177490539504,1.0953215602448152,-0.4204531944250816,1.5630772855563646,1.317198136297247,-1.2579121762131498,2.7167710305879327,8.896910957934233,11.221317217996797,1
20495,LU0266116010,"INDIAN EQUITY ""I"" (EUR)",1363,2016-01-06,2021-07-15,0.5336091985161164,0.877865082082891,0.4763271672398619,0.5614409216055825,-0.5456533624931665,0.7497136205451018,7.505553896691319,0.0016446905640327,1.2046108742783703,0.9496321111603508,-0.101696776423525,-0.4824017691078197,0,0,0,4.645090874876251,8.37434411647366,0.0414944864172905,0.0260217428431186,-2.2992303845137725,1.0968957798217966,-0.3940846846294119,2.369827779064943,3.9458858622689954,-0.5538430932727492,-4.548619886573632,8.37434411647366,11.854814843639785,1
22430,LU0252499412,"JPM EUR MONEY MARKET ""A"" (EUR)",1406,2016-01-06,2021-07-15,-0.0051530965229736,0.0006198992324148,-24.236389171510048,-1206.5367257129296,-0.0284148946048846,-1.3370877671417094,-0.1145109975087352,-5.971185640653344e-05,0.0012090633537333,0.0016264638222458,0.0007924339633242,-5.986006864879104e-05,0,0,0,-0.8718822062519682,-1.3502191753284,-2.339454813429634,-47.862559375740446,1.790877173016649,0.045506158513785,-0.5596057351796428,-1.336856728262574,-0.5551925016153941,0.1086887678682909,-0.3608711291883538,47.862559375740446,48.006675009912904,1
23906,LU0293295324,"ALLIANZ ENHANCED ST EURO ""I13"" (EUR) D",1383,2016-01-06,2021-07-16,-0.0052319561213752,0.0052877111268837,-2.849417055174297,-2.1333195339920907,-0.0327040734181276,-20.825494482575422,523.3802949199951,-6.026279251121044e-05,0.007422228609996,0.0084930064649161,0.0050125659416074,-0.001592640064775,0,0,0,-0.8726897354454108,-1.2984748818408098,-0.2789246965363345,-0.0808860946800174,1.7569601235921009,-9.773304906754449,10.81161110301381,-1.3177191108950557,-0.522590537048626,0.1359694141263637,-0.3741789040340214,10.81161110301381,14.8389784121853,1
25470,FR0007038138,"AMUNDI EURO LIQUIDITY ""I"" (EUR)",1378,2016-01-06,2021-07-16,-0.002752334690131,0.0001512866825588,-83.37157039701091,-84.89495487942905,-0.0149949541875202,-2.3743454552606167,10.00420515596119,-5.008397221396365e-05,0.0011909125127351,0.0019402863529449,0.0008640855881401,-8.347213848988387e-05,0,0,0,-0.8472981948466564,-1.3554139059344998,-8.036840175896005,-3.36424564015644,1.8969965031329183,-0.4770936319334666,-0.3398096374827927,-1.3369126359739572,-0.553702489602285,0.1091519530578726,-0.3610761319349186,8.036840175896005,9.200103610774335,1
25865,LU0309035524,"PICTET SHORT-TERM MONEY MARKET (JPY)""P""D",1305,2016-01-06,2021-07-16,-0.0047509216050624,0.00320621261838,-4.544880522562116,-3.70360269461283,-0.0245189873285009,-20.43529787782954,477.26772545646935,-5.83498040682516e-05,0.0016212328696559,0.0012107220518487,0.0007472653788413,0.0005510131602919,0,0,0,-0.8677638998737157,-1.3215490056814945,-0.4422743057115624,-0.1431831261850776,1.8216843940256175,-9.576712809911823,9.809965966502864,-1.3355871752793615,-0.5571664205397714,0.1083967798021367,-0.3555674565082987,9.809965966502864,14.007691246929873,1
28662,LU0319688361,"AMUNDI FUNDS GBL AGG BND ""G"" (EUR) ACC",1383,2016-01-06,2021-07-15,0.455311649288437,0.8757523093358108,0.4175174295572053,0.4618657539856445,-0.2015247066336709,0.7530931519942694,7.686879001138637,0.0014074269445561,0.1352403621251293,-0.1576261063781538,0.2486400042215646,-0.1530903087241081,0,0,0,3.843317114193764,8.350923306987518,0.035828455947781,0.0220713487295571,0.4219964837046194,1.0985984834482678,-0.3901459882802385,-0.9240172808371192,-1.3113148940660266,1.7108760750264955,-1.6894993474487072,8.350923306987518,9.716112935233417,1
29085,LU0326423224,"BGF WORLD GOLD ""E2"" (EURHDG)",1385,2016-01-06,2021-07-16,0.1691461273063872,0.34429321677869,0.4254474648582488,0.6178317223233488,-0.5144157814871043,0.5299571630589703,9.376685046018377,0.0002491919437226,0.8932320166251901,0.7097569338272471,0.4824668067336963,0.7370789257169481,0,0,0,0.9129571093099288,2.4595172512915524,0.0365924760473511,0.0282589059083594,-2.052216532907786,0.9861762547248496,-0.3534404646845648,1.410727354672558,2.806971791705562,3.222427447783477,6.039053854198139,6.039053854198139,8.301648164797893,1
29086,LU0326422689,"BGF WORLD GOLD ""A2"" (EUR HDG)",1385,2016-01-06,2021-07-16,0.1753518088685266,0.3443765893293391,0.4407263978661357,0.6376669733641385,-0.5087209302325584,0.5247075879554347,9.355496759183154,0.0002683813768448,0.8968758972266541,0.7223372695538083,0.5029326654016268,0.7477857649240186,0,0,0,0.9765038319436884,2.4604414645690214,0.0380645264827982,0.0290458195618882,-2.0071840080642143,0.9835313701600312,-0.3539007110925705,1.4219511335046835,2.86670252971142,3.354727066269496,6.1320118819885305,6.1320118819885305,8.439590253309094,1
31149,LU1543584988,"AQR STYLE PREMIA UCIT ""W"" (EURHDG)",326,2017-10-27,2021-07-15,-0.044900960117275,0.1707771583751672,-0.3699211730053484,-0.8941256341877454,-0.1498821140646157,11.007818058606135,169.50102305049117,-0.0003291841972833,0.031902083696396,-0.0687504342080418,0.0977897339942539,0.2691054233503561,0,0,0,-1.2789038102159327,0.536032317916106,-0.0400374004697896,-0.0317241961428943,0.8303647147441935,6.265219226465818,3.12473839772038,-1.242316947821475,-0.8893381197674446,0.7357186910434396,1.976053280748528,6.265219226465818,7.642796925201765,1
32819,LU1434529134,"CANDRIAM SUSTAINABLE ""C"" (EUR) D I",1378,2016-01-06,2021-07-15,-0.0066344166990505,0.0005899869348446,-28.1132969473562,-28.430363141754235,-0.0357459730899021,-13.646628612943555,340.6889056746254,-6.592171459478929e-05,0.0022613757397322,0.0033372111361164,0.0013496172560315,-0.0001632308487986,0,0,0,-0.8870510545756154,-1.3505507633913627,-2.7129759079115905,-1.124155101955815,1.7329060409799364,-6.1563890312767775,6.8432366738943005,-1.3336154251644394,-0.5470699680185133,0.1122906268593077,-0.3617686063679437,6.8432366738943005,10.059328441595024,1
32820,LU1434529308,"CANDRIAM SUSTAINABLE ""I"" (EUR) D F",1380,2016-01-06,2021-07-15,-0.0042606747851008,0.0005640835497561,-25.018190751634275,-23.830422511936234,-0.0231117213215752,-15.930001345246108,420.2118835124634,-5.6089666511175005e-05,0.0022554228984619,0.0033618514332597,0.001438116711675,-0.000149433163995,0,0,0,-0.8627437295059277,-1.3508379112864886,-2.4147775703172387,-0.94166403695331,1.832812470701512,-7.306816861393268,8.57061393607751,-1.3336337609391664,-0.5469529772509342,0.1128627232666867,-0.3616488132578944,8.57061393607751,11.904303152391133,1
37902,LU1377519092,"QCF (LUX) NEW EUROPE ""A"" (EURHDG) ACC",380,2017-06-26,2021-07-09,0.2290131403518798,0.2856000845494302,0.6858693274723442,0.660891500208712,-0.3523905662108837,-2.377180132971658,34.119576649771744,-0.0004940803843044,1.2240524014307317,2.0529039309291144,0.3248954117196596,-0.2692825782179293,0,0,0,1.5260005655071938,1.8088837792410948,0.0616828482653017,0.0299671942010677,-0.7709882433388443,-0.4785218228205954,0.1840181355723668,2.429711025741358,9.18415942254606,2.2038219847577305,-2.698294194157765,9.18415942254606,10.433245545169907,1
38068,IE00B00Z9M92,"PRINCIPAL PREFERRED SEC ""A"" (EUR HDG)",1374,2016-01-06,2021-07-15,0.0365484796672637,0.054967470101373,0.4739179864324265,0.3064110790625578,-0.2183333333333332,-12.989271951299196,335.9447014051339,4.584048786772673e-05,0.2195289869547746,0.1146923694626686,0.0186067543710046,0.0492355126206371,0,0,0,-0.444854414217144,-0.7477577392295656,0.0412623736346227,0.0159040758298948,0.2890808261034419,-5.825194133847329,6.740184313367973,-0.6643938226008961,-0.0183618371567086,0.2238477666557161,0.0671170506810354,6.740184313367973,8.983423647943845,1
38388,LU0866412082,"LO FUNDS ALL ROADS ""M"" (USDHDG) D",745,2016-01-06,2021-07-15,0.1388682549440965,0.0923647164216683,1.4082061970620194,2.746960754674574,-0.0391993327773141,14.135082427804528,322.00302293239343,0.000377782223804,0.1911774140682741,-0.0404284419003089,-0.0511779462679483,0.0296393597644634,0,0,0,0.6029090448579161,-0.3331964559186376,0.1312764712539008,0.1127267405849346,1.7055983029959056,7.840823555781605,6.437346831104799,-0.751721542255906,-0.7548668672423305,-0.2272688671731693,-0.1030190358482174,7.840823555781605,10.369602074171329,1
40342,LU1620156130,"BNP PARIBAS AQUA ""C"" (USD) ACC",949,2017-09-29,2021-07-15,0.2887059326970782,0.2760337244930961,0.8670943442178768,1.447836291031341,-0.3771929824561404,12.278777092435122,291.6720624106096,0.0007501826347795,0.7804638886444182,0.1702950984583007,-0.1213156463849088,0.1039776965485828,0,0,0,2.137259986476774,1.7028374017190138,0.0791429918942092,0.0611872477914283,-0.9671154775407108,6.905564371509397,5.778505663809166,1.0633821295681636,0.2456368438194052,-0.6806674329270186,0.5423950815232482,6.905564371509397,9.562396242198608,1
45665,LU1685828037,"ALLIANZ STRUCT A US EQ 250 ""RT14"" (USD)",799,2017-10-13,2021-02-05,0.119106312413596,0.2916381077373235,0.3294904827359201,0.3048493747326825,-0.4900284900284899,-2.358948559024779,29.71695468900564,0.0009258292253686,1.0515425965574352,1.8540445153766685,0.4886408452506699,-0.4520425466921596,0,0,0,0.4005450227734392,1.87581733418778,0.0273474903376524,0.0158421191419039,-1.8593719335688983,-0.4693362396879783,0.0883855363439551,1.898351162991421,8.23998591966546,3.2623389390903883,-4.285037573770621,8.23998591966546,10.386095791835588,1
50553,LU0094219127,"BNP PARIBAS INSTICASH ""I"" (EUR) B",1394,2016-01-06,2021-07-15,-0.0042452387067341,0.0001771614018464,-79.93104310470657,-79.93104310470657,-0.0232547411183619,-2.0072717372868096,5.245928727209808,-5.6139300544267376e-05,0.0012196147070727,0.0020526998918859,0.0007782738108009,-0.0001818471243746,0,0,0,-0.8625856627117002,-1.355127075809594,-7.705362205792349,-3.167314936208763,1.83168152938908,-0.2921515001092152,-0.4431676697608118,-1.336824228279942,-0.5531687563388218,0.1085972308941072,-0.3619302350455468,7.705362205792349,8.823695535105369,1
50554,LU0167237972,"BNP PARIBAS INSTICASH ""P"" (EUR) B",1394,2016-01-06,2021-07-15,-0.0045435959710163,0.0001864289515181,-77.56501579997727,-77.56501579997727,-0.0248718030814443,-1.9629813593063603,4.7485467392970975,-5.73280577151108e-05,0.0012282672287598,0.0020704600300702,0.0007866154110915,-0.000180483364565,0,0,0,-0.8656408672253809,-1.3550243418475232,-7.477407051960041,-3.07344875892244,1.8188944731919627,-0.2698367537192527,-0.4539716708168575,-1.3367975770253104,-0.5530844321853261,0.1086511543846346,-0.3619183947236899,7.477407051960041,8.588720974479198,1
50555,LU0167237543,"BNP PARIBAS INSTICASH ""C"" (EUR) A",1394,2016-01-06,2021-07-15,-0.0047841132279607,0.0001966362143998,-74.76753142389543,-74.76753142389543,-0.0261743269819904,-1.95518133479431,4.631449121828528,-5.8286611824273445e-05,0.0012264944060205,0.0020674225616695,0.0007851959919231,-0.0001820425832382,0,0,0,-0.8681037849988172,-1.354911190842684,-7.207883120423598,-2.962465608442247,1.808594653707852,-0.2659068805332815,-0.4565152345436021,-1.3368030376241915,-0.5530988539172409,0.1086419786829208,-0.3619319320422163,7.207883120423598,8.312945075721737,1
50600,LU1701662055,"INVESCO GL H-Y S-T BND ""A"" (EURHDG) ACC",898,2017-12-13,2021-07-16,0.0279365895932612,0.1588227744811058,0.0779060250963566,0.0794553283014077,-0.1835372544333922,5.536052562711395,383.70509548089575,8.569308671273014e-05,0.1685291148977264,0.2588561242744401,0.0456715266350336,-0.0857210347312726,0,0,0,-0.5330409227263548,0.403513878299762,0.0031085588475502,0.00690017773687,0.5642338050806618,3.5083888512512,7.777623063808302,-0.8214821981654102,0.6661196946375552,0.3988054414369273,-1.1045914467202766,7.777623063808302,8.721427777933423,1
51345,LU0326423067,"BGF WORLD GOLD ""D2"" (EUR HDG)",1384,2016-01-06,2021-07-16,0.1845751883285313,0.3451222432272798,0.4624175460157489,0.6712912621763278,-0.5013586956521741,0.5064019892644944,9.049810533316714,0.0003007032184083,0.89667394788471,0.7141337269726407,0.4941706313071846,0.7409163010585076,0,0,0,1.0709520453142714,2.468707293400069,0.0401543624721636,0.0303797785776877,-1.948966506530578,0.9743084912655438,-0.3605407470957626,1.4213290948055115,2.827752563407971,3.2980857209604584,6.072370394845101,6.072370394845101,8.359972427482255,1
51594,FR0013297561,"AMUNDI EURO LIQUIDITY ""R"" (EUR) A",891,2017-12-04,2021-07-15,-0.0040721204158675,0.0001752247964141,-109.64038517607902,-110.22750732345236,-0.0143148571524795,-2.531560078005991,9.585094635614702,-7.593112416849619e-05,0.0010769074622768,0.0017551535408269,0.0004530098058997,-0.0001125659212996,0,0,0,-0.8608129162530932,-1.355148543744062,-10.567711946473477,-4.369250888436033,1.90237442878147,-0.5563028099834997,-0.3489134462544485,-1.337263791132986,-0.5545814899515014,0.1064945923264377,-0.3613287275533497,10.567711946473477,11.816610853472907,1
52496,LI0037728396,"CREDIT SUISSE MONEY M ""B"" (CHF)",1308,2016-01-06,2021-07-15,-0.0108107201786744,0.0034934381537971,-5.874338938304022,-7.147969908515441,-0.0549235331514066,-0.1697648920912755,405.2653931811726,-8.163752347652191e-05,0.0026311016079441,0.0033166771089727,0.0021055631978711,-0.000150373281724,0,0,0,-0.9298167679298428,-1.3183650122520754,-0.5703611190244696,-0.2798297248499105,1.5812578395946228,0.6336364725845034,8.245950194229701,-1.332476605914528,-0.5471674624433192,0.1171773683014417,-0.3616569754697556,8.245950194229701,8.724863356503535,1
52497,LI0037729428,"CREDIT SUISSE MONEY M ""B"" (EUR)",1308,2016-01-06,2021-07-15,-0.0068472194496338,0.0017555627099392,-9.411779504232731,-11.491178067432005,-0.0350235226181638,-1.0538217861941332,480.29024863564257,-6.558820032246456e-05,0.002653287236972,0.0038654350075778,0.0013867916576059,-0.000672688275479,0,0,0,-0.8892301733769284,-1.337629956736753,-0.911176208844908,-0.4521355753451184,1.7386188800625784,0.1882235796326424,9.875620422058743,-1.3324082703622158,-0.5445619903015051,0.1125309372819264,-0.3661917752146476,9.875620422058743,10.315976662409422,1
53154,LU0355214700,"CANDRIAM MONEY MARKET USD ""I"" (USD) INC",1385,2016-01-06,2021-07-15,0.0080913761283725,0.0092349664129484,-0.197175625014632,-0.062495735220029,-0.0184646187501157,-27.021207401374262,798.4604848922489,-7.373452625173578e-06,0.0036337107913783,0.008290300950544,0.0066578496510821,0.0015710913197863,0,0,0,-0.7362576464710832,-1.2547182051344088,-0.0233942121653438,0.0012686266267657,1.8695598329496168,-12.894880490260196,16.786830823835412,-1.3293883972269538,-0.523552971615912,0.1466051959226019,-0.3467110188552492,16.786830823835412,21.351133711558226,1
53452,LU1735753516,"CHINA A SHARES ""Z"" (USD) A",803,2018-01-02,2021-07-15,0.8617382407780052,1.0905269436173468,0.5564338973123131,0.7133832337215439,-0.2869060573086679,0.6305634761406332,3.756788533663496,0.0026858246261308,0.7689535210842554,0.2606881256989866,0.4375977833727697,-0.6106021859092999,0,0,0,8.005161002211125,10.731773684253632,0.0492123778973121,0.0320496715901211,-0.2531638714284948,1.036864563653653,-0.4755143823773893,1.0279282182298397,0.6748179360433791,2.9323758663273485,-5.661670869902293,10.731773684253632,14.926073597805663,1
53453,LU1735753789,"CHINA A SHARES ""I"" (EUR) A",803,2018-01-02,2021-07-15,0.9595209134885084,1.1810486853565174,0.55723968438104,0.7079943068584478,-0.2876314834965543,0.4812722041458196,2.722512086890584,0.0023290462122268,-0.0563542926719199,-0.4419414624145095,-0.2219869899096739,0.6145457004850488,0,0,0,9.006464133688572,11.735238193418985,0.0492900115386655,0.0318358794824378,-0.2589002412418582,0.9616473940402048,-0.4979806640175254,-1.5141617630673032,-2.6612284744003376,-1.3314478647137176,4.97520608960005,11.735238193418985,15.999240180440173,1
53459,LU1735753946,"CHINA A SHARES ""A"" (USD) A",803,2018-01-02,2021-07-15,0.9493904236290792,1.1419621353734746,0.5717341245828372,0.7272646880706619,-0.3034482758620698,0.547049026084945,3.278287561322937,0.0023702206153567,0.6860830826438431,-0.0724039122951413,0.3008717159512782,0.8296572033481663,0,0,0,8.902727030391357,11.301950400451906,0.0506864799307714,0.0326003833474715,-0.3839728837585729,0.9947876192276536,-0.4859082549665059,0.7726730179351878,-0.9066846315914444,2.048523062960649,6.842829267127308,11.301950400451906,16.14959031937337,1
54418,LU1737066693,"PICTET SHORT TERM MON ""I"" (USD) D",862,2017-12-20,2021-07-16,0.0143567066393759,0.0031694880332996,-0.3264031852926219,-0.1529449390574785,-0.0046759479456361,-15.930388907539855,371.792144597875,-3.95957256066569e-06,0.0009423446834376,0.0018903679543009,-0.0005850246616847,-0.0005043277266011,0,0,0,-0.6721001133774408,-1.321956110284588,-0.0358446552873065,-0.0023197178466231,1.978594930234535,-7.307012126249647,7.518853070023636,-1.3376782676304104,-0.5539394993972444,0.0997843161408624,-0.3647300492767944,7.518853070023636,10.875670525319974,1
54581,LU1726319913,"OYSTER - STABLE RETUR ""R"" (USD) A",861,2017-12-18,2021-07-15,0.0623537054775042,0.1010899741269188,0.4438117163589482,1.0964126927178874,-0.1290574892452094,17.594392902720294,435.04225848743306,0.0001718376556659,0.1729977682659042,0.1785210539164518,0.0134662317734142,0.0195946828583616,0,0,0,-0.1806066421320485,-0.236473986019986,0.0383617818231085,0.0472454011711661,0.9950372220005296,9.583722114153842,8.892755450617528,-0.8077179773888813,0.2846932252227488,0.1906173418045149,-0.190228093248304,9.583722114153842,13.145993719015728,1
54663,FR0013289386,"AMUNDI EURO LIQUIDITY ""R"" (EUR)",923,2017-10-30,2021-07-16,-0.0041043173559918,0.0002112819089835,-89.11627143454321,-91.2357357785728,-0.0148524852485266,-4.325716894968248,42.80653443105298,-7.452188116490665e-05,0.0012416875170268,0.0022014771475792,0.0003393151435848,-0.0002541871063276,0,0,0,-0.8611426157394821,-1.35474883830235,-8.590314012023656,-3.615800160606428,1.8981230884900944,-1.4602498111133653,0.3727139535223686,-1.3367562402297766,-0.5524623701600901,0.1057596238752129,-0.3625582992130096,8.590314012023656,9.876907341967339,1
55371,LU0956005499,"BNP PARIBAS GLOBAL EQUITY ""C"" (EUR)INC",889,2017-12-28,2021-07-15,0.974987655274672,1.1472315715555377,0.5806062560147779,0.7236894926931886,-0.3114993974866584,0.5243924849609091,3.0403229776427985,0.0023783499791101,0.6225983638408216,-0.3212831545791597,-0.1527752943572854,0.2345567485562681,0,0,0,9.164844924016212,11.36036390521243,0.0515412663828744,0.0324585464707523,-0.4476378186922971,0.983372612350092,-0.4910772592245228,0.57712916757452,-2.088349504379918,-0.8840353683741536,1.676097653366997,11.36036390521243,14.924798906187572,1
55646,LU0357613495,"UBS (LUX) MONEY MARKET FUND ""Q"" (EUR)ACC",1387,2016-01-06,2021-07-15,-0.0045829759189459,0.0006599945415936,-21.907874083861483,-155.0894152996786,-0.0249667742547941,-0.4047645335405422,7.00103137382906,-5.7285754412089234e-05,0.0013945534198529,0.0024249611610828,0.0009053331598803,-0.0004692652023973,0,0,0,-0.8660441213407194,-1.3497747050942672,-2.1151137781656693,-6.149034155975688,1.81814348049134,0.5152369998370065,-0.4050437905123522,-1.3362853869631786,-0.5514012804285261,0.1094185941059342,-0.3644256323488561,6.149034155975688,7.129229085403861,1
55648,LU0357834745,"UBS (LUX) MONEY MARKE ""Q"" (EUR)",843,2016-02-29,2021-07-15,-0.0014464227831376,0.0067158656802042,-0.7897259587757968,-1.679057824747563,-0.0105094585126601,24.137354266460854,657.8225191264406,-1.8298948405865693e-05,-0.0026813589548453,-0.0051139740876118,-0.0044843844969788,-0.0012770265353639,0,0,0,-0.8339255425590933,-1.282643299501295,-0.0804835374727565,-0.0628644048841706,1.9324659449822783,12.880251295630778,13.731929827057517,-1.3488398979464309,-0.5871957278876805,0.0745772712316014,-0.371438710530541,13.731929827057517,19.048882549851754,1
56197,LU0368236153,"BGF WORLD GOLD ""I"" (EURHDG)",1385,2016-01-06,2021-07-16,0.1872955584040472,0.3447148510409582,0.469643552478595,0.681938798581628,-0.4979702300405932,0.521900080450698,9.158987256079024,0.0003087002477857,0.8949686073627655,0.7153359542750749,0.4910709055986848,0.7398103271622458,0,0,0,1.0988088731129553,2.464191211490566,0.0408505528379885,0.0308021927813974,-1.9221719240182968,0.9821168683920904,-0.3581692389658247,1.4160763527579052,2.8334606721251,3.2780478356559724,6.062768200378946,6.062768200378946,8.343041887900778,1
56566,LU0360484686,"US ADVANTAGE ""Z"" (EUR)",1384,2016-01-06,2021-07-15,0.7922047742225089,0.8911424766376215,0.6444221372250711,0.7371714248335094,-0.3159096429438908,0.7100873488649952,7.489893514734531,0.0020534087441664,0.6986447731193363,-0.0323629848935782,-0.0651978819204041,0.0272315655581897,0,0,0,7.293132215570869,8.52152858236968,0.0576896142861972,0.0329934081901906,-0.4825122129902214,1.0769309422376232,-0.3944248553378634,0.8113651846318441,-0.7165725236065398,-0.3178994225832343,-0.1239237862055896,8.52152858236968,11.342266951502692,1
56567,LU0360480692,"SUSTAINABLE ASIAN ""Z"" (EUR)",1384,2016-01-06,2021-07-15,0.6217476956627888,0.8936061249096421,0.5305670362094078,0.6308927254585605,-0.3525423728813568,0.8194291567622142,7.170804279246768,0.0013858681239402,1.299807223990912,0.0192382318062993,-0.0593091277112106,0.4400064159812052,1,0,0,5.547636804030419,8.548838967218025,0.0467202323966725,0.0287770683291296,-0.7721886676087569,1.1320204407766394,-0.4013560279998448,2.663048905566728,-0.4715728016216631,-0.2798321248521582,3.45983564780722,8.548838967218025,11.19212866630708,1
56568,LU0360481310,"ASIAN PROPERTY ""Z"" (USD) A",1384,2016-01-06,2021-07-15,0.6115256284925723,0.9244904876044728,0.505989871074085,0.6114260021059126,-0.3762306610407876,0.7279952403987947,6.342244581236894,0.0014963194480347,1.0304288613275858,0.2384356315837275,0.8900977647123426,0.2658592258289737,1,0,0,5.442961941051233,8.89120270500106,0.0443523427920233,0.0280047750839287,-0.9595058383934578,1.0859534450063304,-0.4193537843919935,1.8333172278935792,0.5691643251330476,5.857519436773481,1.9478694149437168,8.89120270500106,12.359110197055166,1
56570,LU0360480858,"EMERGING MARKETS EQUITY ""Z"" (USD) A",1384,2016-01-06,2021-07-15,0.7055600223311014,0.9295439094198168,0.5643723680024456,0.6651557663729036,-0.3962782184258677,0.6939271953091767,6.415660411956299,0.0016066679552877,0.8221232724621821,-0.7986297586151124,0.3306122254103166,0.2836375111080324,0,0,0,6.405882368639309,8.947221616525665,0.0499772107053466,0.0301363682266438,-1.118033618250024,1.0687889993447417,-0.4177590649773409,1.1917001952219526,-4.354764770505046,2.2407777891782272,2.1022225629712774,8.947221616525665,12.388821235203942,1
56577,LU0360482987,"GLOBAL BRANDS ""Z"" (EUR)",1384,2016-01-06,2021-07-15,1.7720517190925928,1.3728101692292332,0.7370302066828022,0.902730515954514,-0.3088317184541707,1.1563716106381356,8.139020405089653,0.0036680165999602,0.7429287528799923,0.0012331578723024,0.4749858946982304,0.4580650360477546,0,0,0,17.326850737171867,13.860979916834014,0.0666119486469012,0.0395615483665377,-0.4265429178888241,1.3017815886623456,-0.3803246913203936,0.9477674570993472,-0.5570598965055489,3.1740677955314816,3.6166226951828673,17.326850737171867,22.775798317470745,1
56582,LU0360485733,"INDIAN EQUITY ""Z"" (USD)",1363,2016-01-06,2021-07-15,0.6778642382904376,0.9449966678781287,0.5377982115772251,0.6519954903920955,-0.5258788199964667,0.7618571514471104,5.9360697506646005,0.001896534223288,0.7571046424529049,-0.0105069241033286,-0.1244858055566605,-0.300752598887435,0,0,0,6.122275114716694,9.118520736313933,0.0474169207611999,0.0296142674056252,-2.142861493308396,1.1030140345017774,-0.4281766075039804,0.991431634583946,-0.6128011561901509,-0.7011606287302277,-2.9715205870626145,9.118520736313933,11.71770675878179,1
56586,LU0360479090,"LATIN AMERICAN EQUITY ""Z"" ACC",1384,2016-01-06,2021-07-15,0.6997161686533575,0.9470204311662656,0.5503254059955262,0.6802269124608258,-0.5450511286899479,0.609475878126052,5.704849271500887,0.0017552129688811,1.3368438893458692,0.406574440735433,-0.4808857305393678,-0.0423080610539311,0,0,0,6.346040795227373,9.140954845463629,0.0486238546478052,0.0307342780089059,-2.2944681690505617,1.0262400347350564,-0.4331991180929697,2.777128203460431,1.3674780884814572,-3.0050744233438538,-0.7276749417169304,9.140954845463629,12.22621907589369,1
56588,LU0360477805,"US GROWTH ""Z"" (EUR)",1384,2016-01-06,2021-07-15,2.096115415037483,1.3575428700254923,0.8271087931528595,1.0370461409498932,-0.4529653652125986,1.102662469810899,7.47591129847029,0.0042156623261879,0.7647216986622362,0.666340068543328,-0.4662655590238894,0.6177383147888622,0,0,0,20.645291362214422,13.69173667639896,0.0752905796985103,0.0448901826739012,-1.566292094526624,1.2747214028831315,-0.3947285733713986,1.0148934774914926,2.6008309174334965,-2.9105636996511866,5.002924739655232,20.645291362214422,25.67544266230986,1
56589,LU0360477474,"US PROPERTY ""Z"" (EUR)",1384,2016-01-06,2021-07-15,0.5577802287546512,0.9535872520843358,0.454915237990906,0.5604570398271711,-0.4638743455497377,0.7758130934824572,6.413540392374516,0.0014699338565331,0.9290294291973245,0.1228355459041288,-1.046151770328561,0.0811905095815464,0,0,0,4.892604341199014,9.213750304352557,0.0394315518027846,0.0259827098102975,-1.652555792398996,1.1100454332243002,-0.417805115486521,1.5209895409007714,0.0203015140552459,-6.659183572665719,0.3445540643584655,9.213750304352557,12.639144321394253,1
56592,LU0360479504,"EMERGING MARKETS DEBT ""Z"" (USD) A",1384,2016-01-06,2021-07-15,0.5395725286709327,0.8696252850532876,0.4852939266688187,0.5448858925431662,-0.2458053691275168,0.7553465862449756,7.6197785653550945,0.0016690509878732,0.3366013395505262,0.483709186302607,-0.3425490713767553,0.0056801229881382,0,0,0,4.706155897876078,8.283003144425667,0.042358389813891,0.0253649637392398,0.0718433462978877,1.099733827423728,-0.3916035263429031,-0.3037908455539945,1.7337095928517154,-2.110810101147459,-0.3110359262690064,8.283003144425667,9.988829349849187,1
56593,LU0360486202,"EMERG MKT DOM DEBT ""Z"" (USD) A",1384,2016-01-06,2021-07-15,0.6776120457258086,0.9800435892910158,0.5183976198464892,0.6141109578728503,-0.2551328502415443,0.684375916296714,5.565168719089657,0.0019970989160634,0.5942760505568753,0.6237859620237345,-0.2948515424863445,-0.1760602344637263,0,0,0,6.119692640770149,9.507027863084357,0.0455477686750943,0.0281112939451107,-0.001914510794532,1.0639767945593828,-0.4362332224080315,0.4898915725266806,2.398786374041171,-1.8024739117250532,-1.8889269239678912,9.507027863084357,11.915139877808425,1
56596,LU0360483100,"EURO CORPORATE BOND ""Z"" (EUR) A",1384,2016-01-06,2021-07-15,0.0363358507995996,0.0468721311441558,0.5513557966779135,0.4457983138745595,-0.1387938408896495,-11.896866988528396,361.56970559355454,0.0001134094631865,0.1208536734388109,0.2081937777644565,0.0337386569848802,-0.046409292540379,0,0,0,-0.4470317524421365,-0.8374973440709959,0.0487231277483486,0.0214339134899088,0.9180461861128052,-5.274809585083096,7.2968039317717235,-0.9683307558387452,0.4255776763700492,0.3216665279041916,-0.7632823122133781,7.2968039317717235,9.198842056309159,1
56600,LU0360476583,"GLOBAL BOND ""Z"" ACC",1384,2016-01-06,2021-07-15,0.5180598482165253,0.8703619814708076,0.4686882704459471,0.5376004517070977,-0.2054894340539226,0.7869003357416866,7.7141936148975,0.0016399977198137,0.1519204732640153,0.3757918262031084,0.2527891862567986,-0.026150509278783,0,0,0,4.485864166137004,8.291169676518482,0.0407585160883406,0.025075932213796,0.390645061504092,1.1156314997800652,-0.3895526674060053,-0.872639670318564,1.2213239377711884,1.7376980720507726,-0.5873931911563134,8.291169676518482,9.79977081235762,1
56602,LU0360484413,"GLOBAL CONVERTIBLE (USD) ""Z"" (EUR)",1384,2016-01-06,2021-07-15,0.5822590976092947,0.913866898849668,0.4917795599718943,0.5496503748603897,-0.2203786843646304,0.7260022689381691,6.698566630497966,0.0017698249187687,0.4446552304072816,0.5529106813697099,-0.0309795795118188,-0.088929167699164,0,0,0,5.143270101908453,8.773436585275572,0.04298324884842,0.0255539825814873,0.2729070373574775,1.0849493295588186,-0.4116138503170494,0.0290337185767941,2.0622744627653007,-0.096698424992605,-1.132444831628456,8.773436585275572,10.506928070655722,1
56603,LU0360478795,"SHORT MATURITY EURO BOND ""Z"" ACC",1384,2016-01-06,2021-07-15,0.0031729266735072,0.0316070589660407,-0.2114291799719476,-0.1528942163797589,-0.0443078913324698,-1.1776444037464069,309.0451965931393,-5.117175024952185e-05,0.0070304036641221,-0.0752275795748435,-0.0146127041395051,0.0394704515026542,0,0,0,-0.7866229996022128,-1.0067158971642751,-0.024767472442796,-0.0023177055520694,1.6652019379694707,0.1258382392040735,6.155880326777087,-1.3189259991041895,-0.920091247612312,0.0091037015000571,-0.0176643498074368,6.155880326777087,6.700969735530971,1
56627,LU0360485493,"GLOBAL PROPERTY ""Z"" (EUR)",1384,2016-01-06,2021-07-15,0.5681793196593596,0.9414423254032478,0.4678635759887843,0.5583333121954199,-0.4086071263304028,0.6797740338139001,5.966282806904077,0.0015615446766645,0.4534312205314299,-0.3445587131828937,-0.053764534380692,-0.0672220369057022,0,0,0,4.999091942721536,9.079119632684716,0.0406790608126253,0.0258984562625927,-1.2155255151739148,1.0616582358745656,-0.4275203274225734,0.0560652772252269,-2.198860568879121,-0.2439896227519557,-0.9439809882361188,9.079119632684716,10.770321042079111,1
57001,LU0070177232,"JPM EUR LIQUIDITY VNAV ""A"" (EUR) ACC",1407,2016-01-06,2021-07-15,-0.0052218549407365,0.0001943907299077,-77.6077561120513,-78.23626289107763,-0.0288035052966993,-1.4701674762350114,4.062664442121175,-5.994599756696199e-05,0.0011700286884916,0.0016548319904336,0.0008840098274801,-8.269613145341582e-05,0,0,0,-0.8725862984711004,-1.3549360828073158,-7.481524871899905,-3.100078797523522,1.7878042006331027,-0.021543166722904,-0.4688702261387125,-1.336976961743683,-0.5550578111223452,0.1092807514291542,-0.3610693945512457,7.481524871899905,8.592753855052145,1
57109,LU0333227808,"LUMYNA MARSHALL WACE TOPS ""C"" (GBPHDG) I",968,2016-01-06,2021-03-17,-0.0620514495084837,0.1317638236311397,-0.5706740044799146,-0.4007471199432756,-0.3039394364222628,-27.462038881822348,816.3767994416917,-0.0003443369427994,-0.0513850737225737,-0.0685535442960803,0.0471671502838357,0.1399742835937534,0,0,0,-1.45452632346662,0.1035561409483481,-0.0593789534981862,-0.0121506455778756,-0.3878567780238393,-13.116983871072462,17.176004308233075,-1.4988557142265533,-0.8884032973586484,0.4084737598469066,0.8549216520814829,17.176004308233075,21.755101416988975,1
57339,LU0161688154,"JPM EUR LIQUIDITY VNAV ""D"" (EUR) ACC",1407,2016-01-06,2021-07-15,-0.0052218836616299,0.0001944583153849,-77.58093141108658,-78.19220966013775,-0.0288041505147151,-1.4714364512464229,4.083985851431295,-5.994450278223101e-05,0.001170143334058,0.0016585488944837,0.00088528989879,-8.655411026235606e-05,0,0,0,-0.8725865925755631,-1.3549353335991536,-7.478940443215292,-3.0983310964817066,1.787799098516291,-0.0221825122612813,-0.4684070880792311,-1.3369766086156247,-0.555040163467558,0.109289026329742,-0.3611028899736015,7.478940443215292,8.589848727451756,1
57817,LU0176037959,"JPM USD TREASURY VNAV ""D"" (USD) ACC",1377,2016-01-06,2021-07-15,0.009331867499754,0.081831146727992,-0.0063592474499091,-0.0037816914557556,-0.1267057991275199,5.188504192335162,696.4062633047574,-3.923245841697716e-05,0.0168634839048824,-0.0748439816206051,0.0110887105157908,0.0546298729409146,0,0,0,-0.7235549061971244,-0.4499646835216874,-0.0050099878520631,0.0035979585115492,1.01363341335227,3.333284142354521,14.570035795868533,-1.288638421125784,-0.9182699457486564,0.1752480792473147,0.1139515166579407,14.570035795868533,15.089656140492545,1
58078,LU1625185423,"EMERGING MARKETS FI OPP ""I"" (USD) A",861,2018-02-01,2021-07-15,0.985596477657219,1.1633380217078788,0.5768304836736712,0.6834564223035069,-0.2453545695866517,0.5599791133588917,3.180798119160529,0.002995674263071,0.6567234151888449,0.9249617677550432,1.1431861015090288,-0.1491372980275239,0,0,0,9.273480194238187,11.53890942130607,0.0511774891926736,0.0308624006822306,0.0754080823403391,1.0013021632770531,-0.4880258950533456,0.6822401936633744,3.82875243670025,7.493585186310315,-1.6551788471514652,11.53890942130607,17.158441995369305,1
58170,LU0354091653,"CANDRIAM MONEY MARKET EURO AAA ""C"" (EUR)",1383,2016-01-06,2021-07-16,-0.0045486788920506,0.002652860762297,-5.448140265551357,-3.547645788539336,-0.0280568720379142,0.4441496201186472,616.1862338880469,-5.709596139647455e-05,0.0011572813594137,0.0026001824780373,0.0018955700816484,-0.0009024662819108,0,0,0,-0.8656929167818884,-1.3276831005187328,-0.5292989622960734,-0.1369959285287953,1.7937082671789035,0.9429439851807884,12.827517362156652,-1.3370162257091964,-0.5505693393099796,0.1158198875520759,-0.3681867346881585,12.827517362156652,13.17962598118802,1
58172,LU0354127358,"CANDRIAM MM EURO AAA ""I"" (EUR) INC",1384,2016-01-06,2021-07-16,-0.0042642861595284,0.0164514248277087,-0.8607377350113385,-1.145874743091427,-0.0418417057108507,0.5719873972345582,342.47949426243326,-5.457818115450651e-05,0.0003302423842821,0.0030296382233065,0.0042788719920575,-0.0055972203918665,0,0,0,-0.862780710296318,-1.1747212921060983,-0.087325174652227,-0.0417117083076072,1.684703512340841,1.0073522766760057,6.882131369447721,-1.3395636479652098,-0.5485303071916534,0.1312265185955222,-0.40894713788298,6.882131369447721,7.4585667099451545,1
58640,IE00B2RKZ236,"EV INTL (IRL) US VALUE ""I"" (EURHDG) A",1344,2016-01-06,2021-07-15,7.486037862936001e-07,0.0012240599678861,-8.071909592443804,-811.2938120439395,-0.0023041474654377,0.0257544432236303,220.66734931720265,-3.925719186462784e-05,0.0014213053132415,0.0025315892857203,0.00194003447229,-0.0004113457684822,0,0,0,-0.8191063808268136,-1.343521846662061,-0.7820862988313502,-32.182291725633625,1.9973501460030367,0.7321446493223965,4.236159913685177,-1.3362029865314484,-0.5508950159920906,0.1161073234233749,-0.3639227690627497,32.182291725633625,32.61123862333373,1
60693,LU0366537792,"PICTET SOVEREIGN S-T MONEY MKT (USD)""P""D",1340,2016-01-06,2021-07-16,0.0104523262642737,0.0027993503302017,0.2010361184128113,0.1097340757045682,-0.0048668425735586,-17.664621485292646,470.2531567044182,2.2222711446032164e-06,0.0006358651684035,0.0012451284990779,5.889861866989396e-05,0.0001393436664777,0,0,0,-0.7120813103288001,-1.3260592134885998,0.0149715408626924,0.0081014108190377,1.9770854145878247,-8.180767599071467,9.65759734430385,-1.3386222772370746,-0.5570030606319096,0.1039468976238802,-0.359141619107207,9.65759734430385,12.985019984280278,1
60743,LU1664648117,"BNP PARIBAS USD MONEY MARKET ""P"" (USD) I",633,2018-02-23,2020-11-19,-0.0044657448543903,0.0203030008757429,-1.1635975215383585,-0.1565609891299861,-0.0276629257727891,-18.305541529920628,348.717117346254,-0.0001012567577632,-0.0024759154245395,-0.0126829181783004,-0.0136925011135208,-0.0074096882514867,0,0,0,-0.8648436649736336,-1.1320252525215957,-0.1165042331903048,-0.0024631755305238,1.7968234310661286,-8.503681263489282,7.017623381668799,-1.3482070965462647,-0.6231326556683423,0.0150522674137937,-0.4246831954070813,8.503681263489282,11.367399065314881,1
62804,FR0000447823,"AXA TRESOR COURT TERME ""C"" (EUR)",1365,2016-01-06,2021-07-13,-0.0042801615274977,0.0002256732376833,-62.855019480784335,-64.42995423969744,-0.0229735239701946,-1.7196383696030877,3.75010863850714,-5.636121330045319e-05,0.0013001895221059,0.0019935252946889,0.0007633307983916,-0.000149571204433,0,0,0,-0.8629432754545449,-1.3545893054949552,-6.060170882659806,-2.552348256565788,1.8339052781131877,-0.147233665901831,-0.4756594813075424,-1.3365760439944832,-0.5534497140523997,0.1085006331958209,-0.3616500117410901,6.060170882659806,7.187918998043216,1
63797,FR0000288953,"AXA COURT TERME ""A"" (EUR) D",1344,2016-01-06,2021-07-13,-0.0035144560109668,0.0003377357273454,-40.23670143812373,-40.097644512603146,-0.0186145524675603,-15.991585195358685,425.2019952336264,-5.400097702801386e-05,0.0013686795859203,0.002136378941539,0.0009908619362119,-0.0001050972810224,0,0,0,-0.8551023839117065,-1.3533470544177648,-3.881006610744241,-1.5870251201574082,1.8683742192164527,-7.337844548661735,8.679007833756595,-1.3363650828207985,-0.5527714528407242,0.1099714868363024,-0.3612638839466594,8.679007833756595,12.451409736994005,1
65825,FR0010693051,"GROUPAMA ENTREPRISES ""M"" (EUR)",1387,2016-01-06,2021-07-15,-0.0025192710873642,0.0001888836444803,-65.48940602689923,-78.2567169909568,-0.0137876492391517,-1.057715361397546,5.42640159551487,-4.9083263064329e-05,0.0012091766447614,0.0018186193181648,0.0009519382578179,4.868992217220432e-05,0,0,0,-0.8449116031447228,-1.3549971307353506,-6.313981136317081,-3.1008902624468777,1.9065433705840695,0.1862618862090108,-0.4392474854615411,-1.3368563793067267,-0.5542801579520296,0.1097198683782087,-0.3599286854971548,6.313981136317081,7.6243235174764825,1
66933,LU0423950210,"BNP PARIBAS INSTICASH ""C"" (EUR)",1385,2016-01-06,2021-07-15,-0.0028722983798512,0.0001752490423594,-72.58174116803285,-76.30125123888396,-0.0156866815950638,-1.7075598239485597,14.250797643437412,-5.0505660465325726e-05,0.0012194474073348,0.001982143119433,0.0008793998564745,-4.683132646632698e-05,0,0,0,-0.8485266335347262,-1.3551482749694552,-6.997292924349203,-3.0233120812506966,1.8915266093160576,-0.1411481526294143,-0.2475662695397205,-1.3368247435919027,-0.5535037559907808,0.1092509507051694,-0.3607580121278985,6.997292924349203,8.158037888722351,1
66934,LU0423949717,"BNP PARIBAS INSTICASH ""I"" (EUR) A",1381,2016-01-06,2021-07-15,-0.0025415971125816,0.0001679014261873,-73.84421364024786,-79.30678929733664,-0.0139522478019972,-1.56053069161416,15.593897698411684,-4.920205151928991e-05,0.0012211157216343,0.0019878630517999,0.0008742183357231,-4.59704359226939e-05,0,0,0,-0.8451402235980597,-1.355229725811142,-7.118925969765707,-3.1425492378429305,1.9052417933278356,-0.0670707130233073,-0.218391802500388,-1.3368196048969871,-0.5534765980683655,0.1092174552516087,-0.3607505377757081,7.118925969765707,8.308024099460026,1
66935,LU0423950053,"BNP PARIBAS INSTICASH ""P"" (EUR) A",1382,2016-01-06,2021-07-15,-0.0028787815695133,0.0001761504644778,-72.36853080457904,-76.06834383222791,-0.0156880662577584,-1.7295200011010583,13.7594643277553,-5.05948820675755e-05,0.0012131770555097,0.0019776216109517,0.0008698381664471,-5.532034032760811e-05,0,0,0,-0.8485930219646054,-1.355138282396552,-6.9767511490693455,-3.014072066192216,1.8915156599770129,-0.1522123116224347,-0.2582388829244087,-1.3368440573537357,-0.5535252238628917,0.1091891400592916,-0.360831714737153,6.9767511490693455,8.13753944996813,1
67586,LU0354091737,"CANDRIAM MM EURO AAA ""C"" (EUR) INC",684,2016-01-06,2019-05-29,-0.0034918228072782,0.0005815915203577,-26.982246930361367,-3549.539483103972,-0.0094499154481261,-1.6299943259458065,2.146336908375021,-6.196691922137732e-05,0.0010928275230268,0.0021847471497632,0.0010252278995282,-8.532575441736586e-05,0,0,0,-0.8548706179239233,-1.3506438294362202,-2.604004773005101,-140.81529570638622,1.9408443726608549,-0.1020684586763254,-0.5104961900888915,-1.337214754608359,-0.552541803264111,0.1101936423739431,-0.3610922252447709,140.81529570638622,140.87071116967394,1
67847,LU0239680886,"EURO CORPORATE BOND ""AX"" (EUR) D",1384,2016-01-06,2021-07-15,0.0198869955664273,0.0470024093967814,0.2093940287621532,0.1692006717219207,-0.1391545819191605,-11.83967607256984,359.0641968549717,5.049519291070428e-05,0.1202856238886364,0.2079800542195666,0.0312133666545291,-0.0480438088832239,0,0,0,-0.6154694704717592,-0.8360531650228004,0.0157767846295722,0.0104605983200533,0.9151935954748002,-5.245995182415587,7.242379928258489,-0.9700804461316394,0.4245629288034523,0.3053420260744491,-0.7774733738968,7.242379928258489,9.149167505501898,1
68197,IE00B4Y6FV77,"LEGG MASON WRN ASSET BC ""P"" (EURHDG) ACC",1384,2016-01-06,2021-07-15,-0.0248651334000019,0.0791224159201145,-0.4424865502292266,-0.302120680014929,-0.2256020278833969,-34.7042706607321,1258.2615754026444,-0.0001446666388725,0.0547170716157312,0.0589607501773701,0.0091267625632076,-0.0045377607892225,0,0,0,-1.0737351900746044,-0.4799918922161448,-0.0470287195027122,-0.0082378898472344,0.2316030003841515,-16.76582528568031,26.774509485647133,-1.1720428619029188,-0.2829724820971316,0.1625652512346835,-0.3997487859435634,26.774509485647133,31.63931824713629,1
73207,LU1842711688,"GLOBAL SUSTAIN ""Z"" (EUR) A",759,2018-07-02,2021-07-15,1.4162113810604815,1.2619976480613044,0.6887528543170333,0.8620216979767475,-0.2926754520380019,0.4733930095316932,2.2054298382226234,0.0028447957323458,0.4982120551312066,-0.221596875660336,-0.91846933622353,0.8358235417873738,0,0,0,13.683014514445318,12.6325851684922,0.0619606619676824,0.0379465284900638,-0.2987858551938671,0.957677632715318,-0.5092125889694429,0.1939979480333675,-1.6150445673496905,-5.833792486293577,6.896366137244708,13.683014514445318,20.79223641244626,1
73208,LU1842711761,"GLOBAL SUSTAIN ""I"" (USD) A",759,2018-07-02,2021-07-15,1.2887477967284655,1.1724260775407824,0.6949899616053438,0.8742202747495105,-0.2925482980680772,0.5703332625454478,2.8556163920906883,0.0031448952824294,0.9046416587768168,1.0753459866630295,0.4477093041674522,0.2860977883717966,0,0,0,12.377776248777849,11.63965363270126,0.0625615767367273,0.0384304763159001,-0.2977803742684398,1.0065188767872388,-0.4950894072191418,1.44587101443246,4.542768387867868,2.9977408414869866,2.123582977360057,12.377776248777849,18.062848107617675,1
73209,LU1842711845,"GLOBAL SUSTAIN ""A"" (USD) A",759,2018-07-02,2021-07-15,1.356164595714815,1.20397862883273,0.7009691252618451,0.8760243660751673,-0.2934951758481172,0.516280571984637,2.6143211272391413,0.0030300864351868,0.7025373253622588,0.226431961070379,0.0880572560100501,0.6450864592645107,0,0,0,13.06813017415144,11.98942446992531,0.0631376398989664,0.0385020490977849,-0.3052678915445826,0.9792856009255596,-0.5003307596597784,0.82335491487973,0.5121715616547509,0.6728040024820757,5.240364522304078,13.06813017415144,18.565684268499812,1
73260,LU1548496618,"ALLIANZ GLOBAL ARTIFI ""IT"" (USD)",730,2018-07-06,2021-07-16,0.4184588624604908,0.2966526570756813,1.1305611100243038,1.4607938800222775,-0.3546511627906977,-0.4253010319263245,4.272429656736831,0.0012494159934198,1.109621891260839,1.4452368368158492,-0.1241556857456328,-0.2770357675620028,0,0,0,3.4659413498419096,1.9314053309919024,0.1045267256360208,0.0617013075163501,-0.7888641047251281,0.5048901305143086,-0.4643137611775669,2.07724537764131,6.298989679688794,-0.699026600260556,-2.765608289062133,6.298989679688794,8.305423740510886,1
73951,FR0013278702,"GROUPAMA ENTREPRISES ""R"" (EUR)",743,2018-07-26,2021-07-15,-0.0031434769949598,0.0002447838486929,-71.47167217163062,-112.50520193703156,-0.0092201844036878,-0.4557609903229105,2.083974446664878,-6.93592069652821e-05,0.0011425183254062,0.0019495039355949,0.0007411237007689,0.0002301823716837,0,0,0,-0.8513035263008083,-1.3543774578268903,-6.890343208116618,-4.459612688561915,1.9426609906028505,0.4895435410819794,-0.5118508111217148,-1.3370616983925012,-0.5536587250298377,0.1083570775018803,-0.3583529468651318,6.890343208116618,8.742656161918742,1
76427,LU0360612351,"GLOBAL BRANDS ""ZX"" D",1384,2016-01-06,2021-07-15,1.6453746430804888,1.3302970194116737,0.7252833248054738,0.8640040913106355,-0.3162866449511401,1.7054210138572268,13.76294093953118,0.0035459783356335,0.5184280163644752,-0.3219868256890666,-0.7530841013846911,0.3744429026526041,0,0,0,16.029666385575574,13.3897070911556,0.0654801940555472,0.0380251749552834,-0.4854933887046845,1.5784082228672422,-0.2581633648754827,0.2562665848459668,-2.091690495878213,-4.764675190634486,2.8906055719496284,16.029666385575574,21.7837666761027,1
76844,IE00B42GB336,"JAMS JUPITER EMR MKT DEBT ""I"" (USD) A",1307,2016-01-06,2021-07-16,0.0233992970019094,0.1260678071654268,0.1013502571529059,0.0739669214145808,-0.3379326333423078,-20.681049040020454,602.8630799305843,9.521263449594152e-07,0.2973263083691122,0.2526680932546163,0.0859865219442297,0.0006349822253908,0,0,0,-0.5795031961968365,0.0404138476478747,0.0053672958935043,0.0066824390096674,-0.6566608988676241,-9.700529203209475,12.538115307147883,-0.4247646950890016,0.6367392657165019,0.6594179368720688,-0.3548384272835169,12.538115307147883,15.912885997635463,1
77227,IE00BZ1NTF08,"ISHARES EMERGING MARK ""I"" (USD)",698,2018-07-23,2021-07-15,0.071433229937065,0.0977489753855386,0.5596970975377737,0.4030576088359303,-0.1569062713602188,-18.03612173079946,418.9042260959639,0.0001155599818286,0.1619045253591217,0.0108197665396554,-0.0316672084538838,-0.018054361308952,0,0,0,-0.0876315165635316,-0.2735101012971453,0.0495267712721872,0.0197382836091888,0.7748205883428406,-8.36793994079212,8.542209344732946,-0.8418870730685675,-0.5115432089448687,-0.101143537615106,-0.5171014894300305,8.542209344732946,12.038501157086612,1
78379,IE00BZ771832,"JH ABS RET INCOME ""A2"" (EURHDG)",1296,2016-05-05,2021-07-15,-0.0062003721623633,0.0248521774613596,-0.6735442805605005,-0.4761434025725009,-0.058000000000002,10.86474441784953,446.244389466568,-6.476927560035917e-05,0.0156421177279692,0.036192644154661,0.0124023542486356,0.0016751553184675,0,0,0,-0.8826064005102449,-1.0815960720629856,-0.069290001253996,-0.0151418032952267,1.5569304140663078,6.193134675505751,9.13608520092963,-1.2924004389693995,-0.3910741898171196,0.1837400056063221,-0.3458075230714514,9.13608520092963,11.32154838663461,1
79072,LU0155951089,"CS BOND FUND(LUX) CORP SHRT DRT(EUR)""B""A",1384,2016-01-06,2021-07-15,0.003954658761561,0.0233996217461898,-0.252298414764113,-0.1954165135720343,-0.0834604821483063,-13.61853985017655,513.9712290393784,-4.239629960568435e-05,0.0703102709016813,0.0345883135330452,-0.0112622675425298,0.0176460862469883,0,0,0,-0.7786179945635168,-1.0976981496385367,-0.0287050232417386,-0.004004670651286,1.3555994672821252,-6.142237117336683,10.60722984237108,-1.124013126790179,-0.3986914628468197,0.0307622837630138,-0.2071460364852472,10.60722984237108,12.464200538557352,1
79073,LU0155951329,"CS (LUX) CORP SHRT DRT BD ""IB"" (EUR) ACC",1382,2016-01-06,2021-07-15,0.0070527685877104,0.023404019301907,-0.1196483608697654,-0.0960434402602248,-0.0815224075458133,-13.640673288128,513.889037373443,-2.9969056266418232e-05,0.0703476793123075,0.0347893280859091,-0.0114737148519586,0.0175703998111797,0,0,0,-0.7468930786393158,-1.0976494012273328,-0.0159248396061108,-6.229412066513023e-05,1.3709249584643215,-6.153388570025632,10.605444496566156,-1.1238979024529263,-0.3977370568712202,0.0293954025184384,-0.2078031549557107,10.605444496566156,12.467854815122942,1
79076,DE0009805002,CREDIT SUISSE EUROREAL,501,2016-01-06,2017-12-29,-0.335091315088029,0.3052568067802442,-1.3358433826407792,-0.4784982961714034,-0.6035294117647059,-13.632804648669913,193.73111257379557,-0.0015220767020083,0.0268243115163753,0.0838277124954503,-0.2080044732519158,-0.1334912243912137,0,0,0,-4.250478457362561,2.0267852772257284,-0.1330992791080327,-0.0152352277707614,-2.756890209182217,-6.149424126687198,3.651058045716568,-1.2579573592788582,-0.164905520808746,-1.241059200875512,-1.519337809496379,6.149424126687198,9.29498384309008,1
80723,IE00BZ1HLW37,"BNY MELLON MOBILITY I ""W"" (USD) D",297,2020-04-23,2021-07-15,0.8172734027251716,0.2150654355665589,2.7807618896509854,3.948918843279405,-0.1499639509733236,-0.3643159343241386,0.9478319865260812,0.001240409070702,0.7159011995961816,0.1080229242648899,-0.3142537894698374,0.1362193068407625,0,0,0,7.549837166721838,1.026983038481044,0.2635154963159236,0.1604114020468695,0.8297175823679848,0.5356161493159682,-0.5365297995802034,0.8645179454910055,-0.0500279939598103,-1.9278979125127604,0.8223205055987474,7.549837166721838,8.034673810742945,1
80984,FR0010672055,"EDR CREDIT VERY SHORT TERM ""D"" (EUR)",1378,2016-01-06,2021-07-15,-0.0071054614234817,0.0047961711051078,-3.5495383645777525,-2.3161015011346238,-0.0384959295342318,-20.21624880670444,441.40861214116046,-6.744968652347424e-05,0.0022682507830519,0.0024186708225837,-4.57165078394277e-05,-0.0016129332097442,0,0,0,-0.8918745938036272,-1.3039237713253682,-0.3463779590017908,-0.088137509107167,1.7111605244839323,-9.466349686091316,9.031043714506374,-1.333594248848824,-0.5514311466076984,0.1032706229779139,-0.3743550914874345,9.466349686091316,13.377457052176867,1
81039,LU0384381660,"GLOBAL INFRASTRUCTURE ""A"" (EUR)",1384,2016-01-06,2021-07-15,0.5832052807729231,0.906729261459678,0.4963112883955474,0.5823162316605168,-0.343876372039284,0.7544937511470634,6.835123822250587,0.0018704315268867,0.9595571118471116,1.2593119237587262,0.1498718394127156,-0.6647548050841607,0,0,0,5.152959100362169,8.694313430301552,0.0434198587082789,0.0268499182198806,-0.7036615225136966,1.0993041449556586,-0.4086475908228177,1.615020052817346,5.416228479037384,1.0723985630494093,-6.1318302307391415,8.694313430301552,13.217809314565285,1
81044,LU0384383872,"GLOBAL INFRASTRUCTURE ""Z"" (EUR)",1384,2016-01-06,2021-07-15,0.6618851746911592,0.9509339180020266,0.524341700604979,0.6102732546549763,-0.3435196354376086,0.681867027130007,6.119682899715775,0.0018400257013749,0.7768772465348913,0.551647504994788,0.5492351921648277,-0.0645345970580533,0,0,0,5.958648104158245,9.184337187333355,0.0461204517717706,0.0279590427306377,-0.7008405972323326,1.0627127451647194,-0.4241882108501777,1.052334655133588,2.0562769712240896,3.654045395644512,-0.920648321777676,9.184337187333355,11.882602469924608,1
81227,LU0505655562,"INVESCO GOLD & SPECIA ""A"" (USD)",1382,2016-01-06,2021-07-16,0.2085798853143472,0.3298978168750661,0.5445698844858028,0.7891237482336438,-0.4666666666666669,0.1430821959219596,4.9872563183456124,0.0004017982090599,0.9690054811672448,1.1235139816407174,0.9368235384395344,0.7596369133888071,0,0,0,1.3167622445632317,2.299939313207334,0.0480693383121265,0.0350544858408863,-1.6746363111779483,0.7912576929528478,-0.4487864839648942,1.6441226550076629,4.771467363063359,6.159573806339624,6.234904936328074,6.234904936328074,10.627485925337709,1
81228,LU0505655646,"INVESCO GOLD & SPECIA ""C"" (USD)",1382,2016-01-06,2021-07-16,0.2167749809613754,0.3299582686248114,0.5649668012101461,0.8171412637484298,-0.4544235924932965,0.1413301530432319,5.076595038853149,0.0004282917984511,0.9687198302709248,1.120605750758959,0.9407408612726552,0.7591147539466564,0,0,0,1.4006807416411415,2.300609441556843,0.0500344814363452,0.0361660102401088,-1.5778231518467225,0.7903749641461438,-0.4468458917155452,1.6432428011282014,4.757659243738524,6.184896971358864,6.230371487100368,6.230371487100368,10.629132575247962,1
81230,LU0503254152,"INVESCO GOLD & SPECIA ""A"" (EURHDG)",1382,2016-01-06,2021-07-16,0.1759271200229264,0.3302704723865136,0.460968124945832,0.6637043080562937,-0.5240740740740747,0.1252743868798289,5.061720844770031,0.0002937113899793,0.9730978146191288,1.1384201311757722,0.9457799655250906,0.7622269302871018,0,0,0,0.9823950685452886,2.304070327179204,0.0400147178440985,0.0300787852717057,-2.1285903101020605,0.7822856145770108,-0.4471689850572567,1.6567277457323166,4.842240936353194,6.217471786856497,6.257391765368175,6.257391765368175,10.752819392202072,1
81231,LU0503254319,"INVESCO GOLD & SPECIA ""C"" (EURHDG)",1382,2016-01-06,2021-07-16,0.1828546420712984,0.3300390805928834,0.4791003463414294,0.6911455900434559,-0.5133689839572185,0.1222101255258049,5.034100293034628,0.0003153189590483,0.9629515583019584,1.1168218404464754,0.947896119723592,0.7665188915361184,0,0,0,1.0533335009703295,2.3015052698994944,0.0417616686545533,0.0311674490562792,-2.043938891637851,0.7807417529505015,-0.4477689514359552,1.6254755315867078,4.739693446924736,6.231151466642325,6.294655073926868,6.294655073926868,10.721645867331729,1
81787,IE00BF2SJ761,"NEW CAPITAL US FUTURE ""SD"" (USD)",307,2020-04-07,2021-07-15,0.8152857249254972,0.2832980063346874,2.107140858803062,3.066935116590149,-0.1830495770425099,-0.3097306142367362,0.6496004258869883,0.0018450403996873,0.2558351362475939,-0.1112873361932899,-0.6987797155585951,0.1071709402583424,0,0,0,7.529483171990333,1.7833644538123663,0.1986154060233541,0.1254209179186496,0.5680901558857903,0.5631177790131227,-0.543007907301017,-0.5525646397936906,-1.0913009769825623,-4.413629595945223,0.5701191961543246,7.529483171990333,9.0644799826441,1
81864,ES0136787001,"DWS FONDEPOSITO PLUS ""B"",FI",1258,2016-01-06,2020-11-24,-0.0024553800507602,0.0004209440858412,-32.06104510112572,-72.23188176697951,-0.0124320221034252,21.8728191625782,682.1894529793909,-5.343030853790389e-05,0.0012251876478202,0.0016418062975276,0.0008656361767029,0.000127406720861,0,0,0,-0.844257353334899,-1.352424661266548,-3.093322126184292,-2.8618700913252946,1.9172631084559757,11.73931439604922,14.261221971681923,-1.3368070626641506,-0.555119656391599,0.109161976691799,-0.3592452570624343,14.261221971681923,19.1678585665828,1
87523,LU1378878604,"ASIA OPPORTUNITY ""Z"" (EUR) A",1324,2016-04-01,2021-07-15,2.016855119564993,1.384545417339858,0.7918416470300474,1.007102681014588,-0.4576837416481072,1.16001439569128,7.689952914250801,0.0043055270828008,0.8979289202608172,0.5509744408836251,-0.266675083086189,-0.4500763689461995,1,0,0,19.833658995676476,13.991069161241096,0.0718927627318241,0.0437022512779976,-1.6036030609691188,1.3036169269078208,-0.3900792175460401,1.425194625521363,2.053081300062458,-1.620329840009722,-4.267966989070973,19.833658995676476,24.912679083315147,1
87525,LU1378878869,"ASIA OPPORTUNITY ""I"" (GBP) A",1324,2016-04-01,2021-07-15,1.829176024043068,1.355112472386059,0.7614404567475233,0.947809044042062,-0.4577543361395678,1.0938590452121106,8.028393166479736,0.0038996614835211,0.7685065150061575,0.9534963024367856,-0.294208584655094,0.4551469780610894,1,0,0,17.91180862229459,13.66479488620056,0.0689637568012138,0.0413499254916936,-1.6041612929664837,1.270285988324876,-0.3827277071750383,1.026551362644843,3.964232828657972,-1.798317571296966,3.591287775121748,17.91180862229459,23.340943795281454,1
87566,LU0552385295,"GLOBAL OPPORTUNITY ""A""",1384,2016-01-06,2021-07-15,0.7506243264076324,0.8455466604338923,0.6513472906499206,0.7615685275597283,-0.2883180558516304,0.7830591564585903,7.8796574244371556,0.0019223914263033,0.623271073112183,-0.0251471987357406,0.5347985004388954,0.2229403664901115,0,0,0,6.867344788707069,8.016083344045567,0.0583568189338859,0.033961301825735,-0.2643293710390925,1.1136962049045391,-0.3859585059436937,0.5792012278053211,-0.6823123701521212,3.5607207597945645,1.5752428683043345,8.016083344045567,11.350897558856618,1
87574,LU0552385535,"GLOBAL OPPORTUNITY ""Z""",1384,2016-01-06,2021-07-15,1.6361121190546042,1.2540019315039153,0.7666026113844764,0.9559809337472596,-0.3750613165898165,1.399025439464286,10.201703188620286,0.0033907940642577,-0.0547129834158585,-1.4720674556608793,-0.1904024032938362,0.7635450058558837,0,0,0,15.934817328422456,12.543949912071657,0.0694611051420468,0.0416741246445517,-0.9502591468320212,1.4240374577181287,-0.3355196370298807,-1.5091062483290454,-7.552209697239495,-1.1272722751567663,6.268835451313487,15.934817328422456,22.676009492331502,1
89307,LU0563305183,"LO EURO BBB-BB AMENTAL ""N"" (CHFHDG) ACC",1292,2016-01-06,2021-07-15,0.0332466609150898,0.0370825329607094,0.6379798938727059,0.4940346562672787,-0.0730370731923768,-18.059164800757088,520.1283444884251,7.051557474497667e-05,0.0785510951984116,0.0611742544835008,0.0369777976300454,-0.0238289574522986,0,0,0,-0.4786653273828208,-0.9460183926869572,0.0570689356611119,0.0233475689484188,1.4380234678015256,-8.379549691839571,10.740973088870328,-1.0986299709140646,-0.2724628861167011,0.3426056479543762,-0.5672372072072259,10.740973088870328,13.802228124896326,1
90032,LU0178432067,"ALLIANZ TREA SHORTTERM PLUS EURO ""I"" D I",1383,2016-01-06,2021-07-16,-0.0032225688709099,0.0090646720918561,-1.4395457286385684,-1.059746344937421,-0.0439373658826788,-15.658008393548652,347.87349584473964,-5.350184388250945e-05,0.0198444946202281,0.0185627541729559,0.0099110896348198,-0.0053690047921282,0,0,0,-0.8521134340366886,-1.2566059760063046,-0.1430904927290446,-0.0382947809228931,1.6681318997502228,-7.169779111576248,6.999298456732308,-1.2794563955259894,-0.4747799320530766,0.1676354598209057,-0.4069657434067589,7.169779111576248,10.371201478544288,1
90175,LU0225309177,"BLUEBAY HIGH YIELD BOND ""B"" (GBPHDG) ACC",678,2016-01-12,2021-07-15,-0.0981781550716415,0.2648138769894705,-0.4650998406905662,-0.2926750996044268,-0.4733071895424836,-23.615371289134167,591.1856508458009,-0.0003043200576243,0.2765497440716485,0.1896530587012419,-0.0244349296061374,-0.105878267445649,0,0,0,-1.824466952083412,1.5784615495554903,-0.0492073993917675,-0.0078631602219202,-1.727146815493722,-11.178923829787305,12.284461256076698,-0.4887600857372258,0.3375473680479189,-0.0543911512204574,-1.2795988940725251,12.284461256076698,16.931486129715488,1
90751,LU0603408039,"EMERGING MKT CORP DEBT ""A"" (USD) A",1384,2016-01-06,2021-07-15,0.5699497541260408,0.8986188192479388,0.4914174063803847,0.5024487298193775,-0.2451176765147719,0.7777867776226655,7.303960917950842,0.0017105873353752,0.1677358202755432,0.0766551459941147,0.3789026625474746,-0.0295296431997149,0,0,0,5.017221346698985,8.604406400711168,0.0429483571218966,0.0236813761357504,0.0772813346287428,1.1110398311737166,-0.3984636344268175,-0.8239256820118682,-0.1989604697252783,2.5529467781970063,-0.616731226299496,8.604406400711168,10.40318285690562,1
90759,LU0603408385,"EMERGING MKT CORP DEBT ""Z"" (USD) A",1384,2016-01-06,2021-07-15,0.5701820111392333,0.8901611140747873,0.4962529993070803,0.5073811206691908,-0.2390381895332387,0.7684540994772427,7.409579774576148,0.0016805512212333,0.1661642018615293,-0.3278440472746375,-0.1224844310539056,-0.156404134084453,0,0,0,5.019599678853044,8.510649842262522,0.0434142428398138,0.0238770563263503,0.1253553994804841,1.1063377636942704,-0.3961694093317213,-0.8287665369730057,-2.119500259907907,-0.6882229314921919,-1.7182703660454957,8.510649842262522,10.37457869925848,1
91179,LU0604768290,"ALLIANZ GBL METALS AND MINING ""IT"" ACC",1370,2016-01-06,2021-07-15,0.2254981371230877,0.2588302676410985,0.7479364596550242,1.0494971456619646,-0.4558161125055872,0.0843334976593818,6.471744435727119,0.000343147572917,1.4833814501429106,0.7115608329426718,0.9609169928391766,0.2430320371725471,0,0,0,1.4900066246321786,1.512131190655611,0.0676627127564478,0.0453841449427897,-1.5888346233050137,0.7616584354561393,-0.4165408225263223,3.2284890884258712,2.8155366049024733,6.31532367624749,1.7496810984423066,6.31532367624749,8.31182344503932,1
91180,LU0604766674,"ALLIANZ GBL METALS AND MINING ""AT"" ACC",1371,2016-01-06,2021-07-16,0.2149289812952648,0.2587277853816673,0.7147556567964369,1.0020288554913366,-0.4641744548286599,0.0833000415065424,6.478649478735001,0.0003091632589315,1.4835638269684628,0.7116064735846361,0.960370313520553,0.2424198118714101,0,0,0,1.3817775434042174,1.5109951397115784,0.0644659047547861,0.0435009600227642,-1.6549289322677612,0.7611377509867961,-0.4163908329936047,3.229050840408985,2.8157533041453906,6.311789719209009,1.7443656869136184,6.311789719209009,8.302210703160215,1
91697,LU1375972509,"CANDRIAM BONDS EURO H ""I"" (USDHDG)",441,2019-09-06,2021-07-15,0.0962991098686645,0.1014137712591156,0.8323719489112354,1.2748846962851086,-0.1210001691673067,10.834645039072043,200.7963830030566,0.0001972201816915,0.2773201834708295,0.235931025997649,-0.0430592922862601,-0.0162781561730699,0,0,0,0.1669972714648648,-0.2328845839151838,0.0757976590031937,0.054325828642988,1.0587511717355855,6.177969756294371,3.804527996446632,-0.4863869999076604,0.5572725963809915,-0.1747865920912822,-0.5016802691063215,6.177969756294371,7.394787085068621,1
94754,LU0503372517,"ROBECOSAM EUR SDG CREDITS ""BH"" (EURH) I",1377,2016-01-06,2021-07-15,0.0028783056742891,0.0511201176727738,-0.1363761328558685,-0.1092155373763567,-0.1712267436075987,-14.977883914563154,463.6974351451264,-5.7714546113788526e-05,0.0863395086448493,-0.0006936839485387,-0.0312322743066668,0.0220592564512104,0,0,0,-0.7896399444344477,-0.7904069585461211,-0.0175364785879357,-0.0005848639154701,0.66158022552616,-6.827113143160575,9.51519568044995,-1.0746403182506783,-0.5662084348658094,-0.0983319467272279,-0.1688303776289073,9.51519568044995,11.846869208663051,1
94755,LU0503372608,"ROBECOSAM EUR SDG CREDITS ""DH"" (EURH) A",1377,2016-01-06,2021-07-15,0.0236721891592739,0.0489355002439763,0.2769294686443861,0.2239049575401327,-0.1464203565267391,-15.439584517397092,494.511521144316,2.66831659935712e-05,0.0843817958904644,-0.000395989446049,-0.0404498909234005,0.0140654339232523,0,0,0,-0.5767087566079978,-0.814624190934545,0.0222834938111251,0.0126308531521383,0.8577388594512053,-7.059730978684129,10.184531172620517,-1.0806704101706004,-0.5647949978383338,-0.1579183624027729,-0.2382336779245411,10.184531172620517,12.52459938372956,1
94756,LU0503372780,"ROBECOSAM EUR SDG CREDITS ""IH"" (EURH) A",1377,2016-01-06,2021-07-15,0.0281260220514103,0.0489022084319036,0.3659042119465742,0.2944816422005621,-0.1461061337008958,-15.42760998572156,493.8266324957877,4.403511410268859e-05,0.0845625835386343,0.0001308133326583,-0.0406693700509396,0.013824420096967,0,0,0,-0.5311011177661275,-0.8149932420731877,0.0308557749746179,0.0154308054525091,0.8602236034030176,-7.053697870599208,10.169654201073904,-1.0801135531270891,-0.5622937673910972,-0.1593371645801069,-0.2403261880975626,10.169654201073904,12.5071956095157,1
104382,LU1953145197,"ALLIANZ GLOBAL ARTIFI ""CT"" (USD)",562,2019-03-18,2021-07-16,0.4884577717711074,0.3004343612951165,1.2876177496129142,1.6732585203140902,-0.3557278208441002,-0.4317203037706372,4.78138563810528,0.0011896338992991,1.0949276616800958,1.5744468684817268,0.0927685510807149,-0.1834460727053923,0,0,0,4.182736311053862,1.9733268174266023,0.1196583643817973,0.0701303072801494,-0.7973778706464377,0.5016559196146569,-0.4532583528720483,2.0319846238019865,6.912471761321033,0.7032597263555483,-1.953051633720768,6.912471761321033,8.87252296216809,1
112010,LU0066902890,"HSBC GIF INDIAN EQUITY ""AD"" (USD) INC",1326,2016-01-06,2021-07-15,0.5766778388521241,0.8670223108671732,0.5142961657736207,0.6200538773135943,-0.5222259570834153,0.9415919061050416,8.736871275278068,0.0015353731008499,1.298307493289776,0.7368010664273208,-0.1419354002473309,-0.0394865867908112,0,0,0,5.086117523478873,8.254148284103099,0.0451526136435999,0.0283470643137401,-2.113976166452697,1.1935694926065674,-0.3673383315610067,2.6584294771226302,2.9353758370380025,-0.813961892423543,-0.7031785728177157,8.254148284103099,10.810712795468621,1
112030,LU0164865239,"HSBC GIF CHINESE EQUITY ""AC"" (USD)",1334,2016-01-06,2021-07-15,0.7731240566751878,0.9518016837862052,0.5920504235253883,0.7375030708963064,-0.3759014009785235,0.7228681760279536,5.914226781289253,0.001812765214636,1.0820204519618597,0.3004565411543989,-0.1779249420139995,0.3334120833997125,0,0,0,7.097743996969671,9.193956668244365,0.0526438559261774,0.0330065654128755,-0.9569021862046376,1.0833702848172064,-0.4286510747543703,1.9922281984242871,0.8636361723850471,-1.0466129002543505,2.5343712097249638,9.193956668244365,12.2236263526577,1
112035,LU0164943648,"HSBC GIF GB EM MKT BD ""PC"" (EUR)",1338,2016-01-06,2021-07-15,0.5069577452561327,0.9018688273089632,0.4441209627426362,0.5037490699436529,-0.2725562549743142,0.692512846566695,6.921400905328156,0.0013799171354766,0.4838422250983502,-0.6962751778052276,-0.2728016199756873,-0.2647348489358431,0,0,0,4.372177659600841,8.640433853133995,0.0383915761990334,0.0237329638568193,-0.1396915784329077,1.0680764104047835,-0.4067735026585189,0.1497364005833164,-3.868790883723421,-1.659934261513484,-2.658810277680513,8.640433853133995,10.950591545624073,1
112038,LU0164881194,"HSBC GIF INDIAN EQUITY ""AC"" (EUR)",1326,2016-01-06,2021-07-15,0.6257905885439599,0.935267582947402,0.5096272082178911,0.6137089985202867,-0.5300792466861097,0.6960276629809286,6.089327521496337,0.0014672007884628,1.0169487971160218,0.3694753077321069,0.2857707783417839,0.5929509652836429,0,0,0,5.589036381173596,9.010670497829013,0.044702782428328,0.0280953472196548,-2.176076727701736,1.069847274426886,-0.424847582412296,1.7917963121718448,1.191333457540683,1.9509044720706488,4.7877180778577255,9.010670497829013,12.241354453045837,1
112039,LU0164858028,"HSBC GIF INDIAN EQUITY ""EC"" ACC",1326,2016-01-06,2021-07-15,0.6463175932769267,0.9210482517907596,0.5311438987107432,0.6451491654856741,-0.5273746304147553,0.7699271593863941,6.547441207991199,0.0016886178093949,1.26914596622528,1.60517405137002,1.045951393267084,0.443464393183391,0,0,0,5.799234707208556,8.853044342105305,0.0467758102760863,0.0293426566992985,-2.154689742513164,1.1070799329822465,-0.4148965570978286,2.568606959324584,7.05836272565227,6.865020560083983,3.489858209521516,8.853044342105305,15.28976333987573,1
112052,LU0196696453,"HSBC GIF BRAZIL EQUITY ""AC""  (EUR)",1304,2016-01-06,2021-07-15,0.6840952315785132,0.9405494820534944,0.5441664032749648,0.6830969671837742,-0.5936928702010967,0.5430678142667876,6.133976022702381,0.0018833943207206,1.4230618370086,1.019509566969475,0.3712164907202803,-0.6110226762902999,0,0,0,6.186081031640611,9.06922215837072,0.048030464871697,0.0308481402052159,-2.6791069129136003,0.9927817719963176,-0.4238777393823839,3.042694307777216,4.2776601563872685,2.503260243326656,-5.665321616473399,9.06922215837072,13.956471451796594,1
126214,LU0471596014,"INCOMETRIC GLOBAL VALOR ""A"" (EUR)",289,2016-01-13,2021-07-13,0.867831205435253,0.3446129239793425,1.7866417190820676,2.125431925228462,-0.2217677800499882,-0.9897714486832686,2.6827885835579126,0.0025761981835013,0.745561693053103,1.50427424635291,0.1765265813519216,-0.0879885256341798,0,0,0,8.067553493868068,2.463061315104463,0.1677368821144424,0.0880691488586108,0.261922644058173,0.2204939530843516,-0.4988435275356778,0.955877365576958,6.579296033847329,1.2447056353603323,-1.12427806742041,8.067553493868068,10.888901657438756,1
126215,LU0471596105,"INCOMETRIC GLOBAL VALOR ""B"" (EUR)",289,2016-01-13,2021-07-13,0.8629098172787695,0.3445113154984507,1.7794916236181808,2.119525084527567,-0.2218039394630774,-0.9860681750420852,2.675208615781054,0.0025662889089601,0.7460862272103944,1.506051226048131,0.1759396250010176,-0.0879329579825425,0,0,0,8.017158048175022,2.461934950294792,0.1670480054019344,0.0878348098231634,0.2616367103971369,0.222359767193053,-0.4990081776071643,0.9574930209771292,6.587733035126465,1.2409113112348449,-1.1237956225825587,8.017158048175022,10.856162791955597,1
127336,IE00B567SW70,"GAM STAR CREDIT OPPORTUNITIES (EUR) ""ORD",1376,2016-01-06,2021-07-15,0.0487410352218793,0.0794442202265399,0.4748451642655313,0.3473695587271421,-0.267838291001677,-13.305762928769258,344.9425145049396,5.573781976930519e-05,0.2834572193546601,0.0562514619960166,-0.0272682915756832,0.0384019528437512,0,0,0,-0.3200015776241633,-0.4764245812675233,0.0413517026821585,0.0175290004053168,-0.1023838735759523,-5.9846512488909935,6.935632448995801,-0.467483874097978,-0.2958360324872158,-0.072707153186751,-0.0269411798884105,6.935632448995801,9.19635805112165,1
128014,IE00B560QG61,"GAM STAR CREDIT OPPORTUNITIES ""ORD"" USD",1376,2016-01-06,2021-07-15,0.065881384080968,0.0796467057250562,0.67722705706475,0.4772789555670851,-0.2470276774969915,-11.874174905716698,318.1266688893013,0.0001138169738592,0.273295513451013,0.0437938692470762,-0.0128355687512582,0.0775434641073327,0,0,0,-0.1444829043104009,-0.4741799601690112,0.0608502077981837,0.0226828287024642,0.0621778380072304,-5.263376671297023,6.353145685520644,-0.4987836756265516,-0.3549839936262491,0.020591826072689,0.3128899898367432,6.353145685520644,8.294125772590917,1
132660,LU0694238766,"GLB FIXED INC OPPS ""A"" (USD)",1384,2016-01-06,2021-07-15,0.5670313325089669,0.9087788991753852,0.4838723112493477,0.4912082008501376,-0.1959946595460615,0.714071757810509,6.758979988089623,0.0016888775749109,-0.1174160406880254,-0.7481248730473696,0.0122065411790712,-0.2024509242560458,0,0,0,4.987336453771184,8.71703436634237,0.0422214241241933,0.0232354364448137,0.4657258054599681,1.078938400272239,-0.4103015672125513,-1.702242446764903,-4.114970368079563,0.1824741904349049,-2.118053973293707,8.71703436634237,11.258861021279296,1
134843,FI0008812003,"EVLI NORDIC CORPORATE ""IA"" (EURHDG) D",1386,2016-01-07,2021-07-15,0.0091928410331485,0.0284452109141833,-0.024093807385817,-0.0139387720196342,-0.1206139727144306,-15.165923573684772,281.2053676225676,-1.1911436597891156e-05,0.0715947260518924,0.0824208933180717,0.037725591925521,-0.0005952680937454,0,0,0,-0.7249785493898446,-1.0417660656923469,-0.0067186259266354,0.0031950019087176,1.0618050533176129,-6.921852847265294,5.551150865502397,-1.1200567840604083,-0.171585020428792,0.347439693845276,-0.3655196041596849,6.921852847265294,9.110651242547274,1
136001,LU0064963852,"FIDELITY US DOLLAR CASH ""A"" D",1431,2016-01-06,2021-07-16,-0.0004835889250934,0.0104731901761918,-0.98779268530347,-0.4217951542623423,-0.0257317358074959,-23.37488651445361,571.8779043365676,-4.014030351394819e-05,0.0061906664906575,0.0087889953757297,0.0030834506635185,-0.0055702933454052,0,0,0,-0.8240660395364418,-1.240992070650606,-0.0995662974326392,-0.0129856733550162,1.8120944813890496,-11.057760791621028,11.865063451682888,-1.321512533994574,-0.5211851980760642,0.1234988298499933,-0.4087133541224458,11.865063451682888,16.455000669519755,1
136337,LU0616946256,"CANDRIAM BDS EMG DEBT LCL CCY ""N"" (EUR)",903,2017-11-03,2021-07-15,0.1540151036700721,0.2744809777702439,0.4687564249130034,1.965957435127306,-0.1833442078415094,25.918183397158323,739.697722084038,0.0004424722829112,0.2628201251530333,0.0448035988945578,0.1122971730912282,0.1573637097560653,0,0,0,0.758014102235893,1.6856246725097748,0.0407650824377615,0.0817423999108873,0.5657603375670001,13.777483431082707,15.51040150619898,-0.5310496728685925,-0.3501898531246461,0.8295006666194951,1.005898679866458,15.51040150619898,20.886371131980734,1
143560,IE00BJ5JS224,"BAILLIE GIFFORD WORLD ""A"" (EUR) A",555,2019-04-15,2021-07-16,0.3156030169646289,0.2867711362240965,0.9196489992401876,1.1606548745258962,-0.3341431983649481,-0.4434118309091541,4.138293541112168,9.300973648602648e-05,1.0559585325644223,1.3954253021454828,-0.1843494192691172,0.1011120869310111,0,0,0,2.4126884847798107,1.8218652881178483,0.0842063757555317,0.0497940480167868,-0.6266956166972021,0.4957653972279991,-0.467227430691303,1.9119530052305251,6.0624872689634905,-1.0881433292295115,0.5175155243248245,6.0624872689634905,7.2019341578536,1
145576,ES0173545023,"RESIDENCIAS DE ESTUDI ""R"" (EUR)",404,2019-07-10,2021-06-29,0.0049869463542053,0.0463112206490564,0.0010122612040827,,-0.0555926513812823,-16.910678470933544,324.50392619846843,2.811549448360553e-05,-0.0394422387842267,-0.072373311551602,-0.0516528473163706,0.0037278574155606,0,0,0,-0.7680472792164303,-0.8437152290104221,-0.0042997790620639,0.0245165682124682,1.57596672978976,-7.800909762560481,6.491670795752437,-1.4620697289989537,-0.9065393409541468,-0.2303388203348865,-0.3279857238553982,7.800909762560481,10.483421083539113,1
145577,ES0173545007,"RESIDENCIAS DE ESTUDI ""B"" (EUR)",447,2019-07-10,2021-06-29,0.0098415033378953,0.043955439128588,0.0663337498258894,,-0.0551563048161367,-17.444088896090136,351.0414411436336,3.776458621650335e-05,-0.0391336002328525,-0.068511004124514,-0.0483390062185227,0.0042337033146928,0,0,0,-0.7183361905852608,-0.8698298739754861,0.0019936267484167,0.0245165682124682,1.579417177686821,-8.069657036841718,7.068111733422078,-1.4611190691891067,-0.8882013189776431,-0.2089168062341271,-0.3235939107124375,8.069657036841718,11.041624540209122,1
145578,ES0173545015,"RESIDENCIAS DE ESTUDI ""I"" (EUR)",447,2019-07-10,2021-06-29,0.019143191691193,0.0441621787826346,0.2736533290572378,,-0.054458151128354,-16.494295444472016,328.4203706141195,7.383318077111804e-05,-0.0394878213562833,-0.0638112414036962,-0.0484843400130109,0.0032195296696783,0,0,0,-0.6230860872897732,-0.8675380941059534,0.0219678537920638,0.0245165682124682,1.5849378878659692,-7.591124205059131,6.576742773891832,-1.4622101311589906,-0.8658871055998416,-0.2098563028795347,-0.3323990846815465,7.591124205059131,10.371838330365827,1
145810,LU1987882872,"DWS INVEST BRAZILIAN ""FC"" (EUR)",303,2020-04-14,2021-07-15,0.7074287070966219,0.3645243506421456,1.4691936008800006,1.9268496409421692,-0.1780730403800474,-0.3452452764417337,2.6487332212446093,0.0003817372536381,1.093331599312735,0.7749377744421218,0.0127408775173823,-0.5026497288343664,0,0,0,6.425017864280746,2.683786298949153,0.1371523092002222,0.0801908966231097,0.6074425464698975,0.5452244866917174,-0.4995832691816128,2.0270684772613072,3.116446816728038,0.1859283574380486,-4.724415036435982,6.425017864280746,9.252056992105764,1
146048,LU1981113845,"INVESCO GOLD & SPECIA ""Z"" (EURHDG)",537,2019-05-23,2021-07-16,0.374922602607018,0.3825971957769766,0.8062326658960578,1.129569812197429,-0.3739316239316239,0.0497365692725807,5.508208122307893,0.0006570576358054,1.0881278123807063,1.4239686875857238,0.8470834137418866,0.7884452129502726,0,0,0,3.0201262364305577,2.8841299768768285,0.0732792669842678,0.0485608264197038,-0.9413260052236164,0.7442275234155161,-0.4374705055480296,2.0110399186990064,6.198009683832884,5.579457210548282,6.485021955873876,6.485021955873876,11.607062679173595,1
146651,FR0013400546,"CM-CIC CASH ""RC2"" (EUR) A",363,2019-07-09,2021-07-15,-0.006185822216304,0.0015094087682573,-12.25152588410286,-11.834094699949974,-0.0086521630407591,-17.29216487075798,314.17309991912526,-7.256273658657825e-05,0.0022356854613801,0.0039365275527153,0.0013565512712069,2.1681137491348257e-05,0,0,0,-0.8824574077884448,-1.3403586574833717,-1.1847718776582472,-0.4657399295121314,1.9471526682594615,-7.993113411557559,6.267267297547279,-1.3336945556393085,-0.5442244468304822,0.1123354511482451,-0.3601631789184523,7.993113411557559,10.647678318723907,1
147345,BE0948501359,"DPAM INV B EQ WLD SUSTNBL ""E"" (EUR) INC",437,2016-01-06,2021-07-15,0.3753855052900217,0.250649982128739,1.2724346191736486,3.419255765565475,-0.0878772954337576,12.807737808188572,226.021118710994,0.001226520875337,0.4857374113718095,0.2136772989360849,-0.3721113673953345,-0.1619546256788159,0,0,0,3.024866400441344,1.4214499241578389,0.1181955440550747,0.1393983527657652,1.3206731373191205,7.172069756211729,4.352453087925531,0.1555739001903126,0.4516131315098181,-2.301912783340675,-1.7664603819689992,7.172069756211729,9.590500045520942,1
148373,LU1998107665,"AZVALOR MANAGERS ""I"" (EUR)",467,2019-08-19,2021-07-15,0.1730372602485557,0.3070739536639789,0.4928350854504225,0.5339382352087709,-0.495956873315364,-1.2718911153526382,10.735290987256056,0.0001964160590591,0.9488027882069312,1.5569643213813285,0.4883196932925525,-0.5700012847325914,0,0,0,0.9528026513879562,2.0469289727704107,0.0430849435635871,0.0249306429931663,-1.9062511329922829,0.0783540775536728,-0.3239291828517014,1.5818948867572966,6.829465594933579,3.2602628824624027,-5.3091691065987945,6.829465594933579,9.83898745962931,1
151028,LU2016064540,"SCHRODER ISF GLOBAL E ""E"" (EURHDG)",317,2020-04-16,2021-07-16,0.8442299930956274,0.202637047094453,3.0241544991063223,4.541319802160868,-0.1455591551804902,-0.157763816359557,0.6254070775032594,0.0009490890036899,0.8398003924852373,0.4943130974865453,-0.0975368780920042,0.0971784308778943,0,0,0,7.825875012729631,0.8892100957794629,0.286965183316212,0.1839134188324777,0.86454888297716,0.6396829543164554,-0.5435334288676181,1.2461487645433522,1.784056376477524,-0.5269518217590246,0.4833630633014072,7.825875012729631,8.2976091185355,1
153513,IE00BJ9MTQ85,"ISHARES EMERGING MARK ""D"" (EUR) C",260,2020-05-27,2021-07-15,0.1976116887334009,0.1027748699702818,1.7552330721133842,5.722931784714194,-0.0554811555385496,10.92829822737584,152.4261474351674,0.0006480353670583,0.1296122590905401,0.1854423279306558,-0.1841184439412052,-0.2009563422898928,0,0,0,1.204446951078908,-0.2177963385513084,0.164710812661609,0.230790899754315,1.576848392731142,6.225154884100981,2.7538424291028307,-0.9413528059581304,0.3175550513134725,-1.0866502109461182,-2.1050778382030706,6.225154884100981,7.549855747300185,1
154002,LU0073234253,"EURO STRATEGIC BOND ""A"" A",1384,2016-01-06,2021-07-15,0.5744258059214928,0.927646354968626,0.4791147688604238,0.5282591006486894,-0.2104192740926161,0.7114424401169113,6.487424327869404,0.0017555914907072,-0.1674743916604092,-0.4104381620616795,-0.4254476765443054,-0.0163799703978629,0,0,0,5.063056509056539,8.926186575557658,0.0417630581936889,0.0247053376256484,0.3516619284784336,1.0776136755761172,-0.4162002280227401,-1.8564307754903933,-2.511652547287213,-2.646700337401056,-0.5025642320906081,8.926186575557658,11.125833438610178,1
154010,LU0052620894,"SHORT MATURITY EURO BOND ""I""",1384,2016-01-06,2021-07-15,0.0015685787735526,0.0316122190969077,-0.2620260000180446,-0.1791314276047221,-0.0478105451295777,-1.1738134036161465,307.2873661006223,-5.738560612286237e-05,0.0070485744570705,-0.0744340896348826,-0.0162481287528346,0.0396934376130927,0,0,0,-0.8030516625920231,-1.0066586953463676,-0.0296422284838524,-0.0033586008601744,1.6375044025841907,0.1277684055342053,6.117697193975673,-1.318870029937369,-0.9163238012782672,-0.0014683470964272,-0.0157283583677474,6.117697193975673,6.660512370432688,1
154011,LU0073235904,"SHORT MATURITY EURO BOND ""A""",1384,2016-01-06,2021-07-15,-0.0027356757069058,0.0317747448592905,-0.3962262390132408,-0.2662424601936959,-0.0571568148510002,-1.3155291806040594,310.36600172904514,-7.470759222846405e-05,0.0074394525315215,-0.0746226513977831,-0.0155891195422901,0.0399440191300794,0,0,0,-0.847127605399587,-1.0048570416083502,-0.0425717648688869,-0.0068145117924985,1.5635979729669631,0.0563679847850821,6.184570509433364,-1.317666058255036,-0.9172190820960876,0.0027917559634279,-0.0135527803872334,6.184570509433364,6.708492838258014,1
154012,LU0073236118,"SHORT MATURITY EURO BOND ""B""",1384,2016-01-06,2021-07-15,-0.0127126523303735,0.031720623592184,-0.7138700385525603,-0.498365469843233,-0.0919674039580917,-1.2599128525363097,303.5421593634536,-0.0001138789241066,0.0076506128658001,-0.0720534030274756,-0.0136928247623662,0.0383124025928886,0,0,0,-0.9492927197172536,-1.0054569943897376,-0.0731751907224819,-0.0160234078743175,1.2883302532819034,0.0843890654929648,6.036344795765022,-1.317015648115607,-0.9050204329809604,0.0150501752162724,-0.0277186656194771,6.036344795765022,6.525080357846977,1
154037,LU0132601682,"EURO CORPORATE BOND ""A"" A",1384,2016-01-06,2021-07-15,0.0317414921733303,0.0469247777477715,0.4560384527582199,0.3714812450169867,-0.1390998333024633,-11.92325251816899,363.1957936421612,9.585295998021264e-05,0.1210964849976851,0.2087692604760807,0.0328954867975405,-0.0465022265695647,0,0,0,-0.4940783871075005,-0.8369137384394483,0.0395397680497222,0.0184855708622303,0.9156265248580916,-5.28810336195162,7.332125389768414,-0.9675828544850092,0.4283100364454926,0.316215933530713,-0.7640891763028291,7.332125389768414,9.2364715044411,1
154038,LU0132602227,"EURO CORPORATE BOND ""B"" (EUR) A",1384,2016-01-06,2021-07-15,0.0214550276942986,0.0469658371362946,0.2422702404731729,0.2003222493640825,-0.1399955486312036,-11.958129017609703,364.11168981888096,5.608394502783164e-05,0.1207072894956174,0.2088324296085382,0.0344589945945017,-0.0461135773622371,0,0,0,-0.5994126841682886,-0.8364585810556044,0.0189442467645312,0.0116952685702867,0.9085435790547104,-5.305675129804509,7.35202024623886,-0.9687816435550766,0.428609959991484,0.3263230826317674,-0.7607148785183242,7.35202024623886,9.267940124864865,1
154039,LU0132602656,"EURO CORPORATE BOND ""I"" (EUR) A",1384,2016-01-06,2021-07-15,0.0359413667117358,0.0469192135014666,0.5426868964037634,0.4426363047926741,-0.1388698630136989,-11.945274432930086,363.5149610298869,0.000112001015186,0.1217287612097939,0.2100181170081304,0.0338188705345997,-0.0465732618836412,0,0,0,-0.4510713040472096,-0.8369754200153876,0.0478879216238881,0.0213084687393483,0.9174450346451204,-5.299198626099787,7.3390582600328065,-0.9656353350293296,0.4342395381650107,0.3221850608520382,-0.7647059131914955,7.3390582600328065,9.246692490690934,1
154506,LU0702163451,"GLB HY BOND ""Z"" (USD)",1384,2016-01-06,2021-07-15,0.5887203076864438,0.8956155699006346,0.5063598228415908,0.5508297894564417,-0.2735932653965439,0.786740095984089,7.246016555867303,0.0018091588537032,0.232579230909495,0.6896196861951642,0.0419339202432135,0.1967975789581437,0,0,0,5.209433458912787,8.571114353140128,0.0443879858346474,0.0256007728866312,-0.1478918273094387,1.115550766453428,-0.3997222866586155,-0.6241968271795254,2.711361254068517,0.3746440364496281,1.3482681353401818,8.571114353140128,10.570251367390508,1
154507,LU0694239061,"GLB FIXED INC OPPS ""Z"" (USD)",1384,2016-01-06,2021-07-15,0.5969263319284417,0.922814190669094,0.4970287154289359,0.5033887908365859,-0.1956027293404095,0.7150442182730699,6.5071295324805,0.0018166376554578,0.5064528457603483,0.6169780754986166,0.094868903527914,-0.1807847095336592,0,0,0,5.293463865760214,8.872620379372348,0.0434889792925734,0.0237186706901813,0.4688250271839561,1.0794283533858904,-0.4157721967377284,0.2193810002075198,2.3664629054753137,0.7168372572062842,-1.9299453680065213,8.872620379372348,10.87158012618501,1
154591,IE00B29LM678,"BLACKROCK ICS STERLIN ""III"" (GBP)",1396,2016-01-06,2021-07-16,0.0014124768070884,0.0001299585091451,-65.25759269697701,,-2.963810942202549e-05,1.853914392695095,3.664186567254939,-3.368593283102364e-05,0.0010887567404723,0.0017569334999272,0.000740618801754,-5.1155214087535664e-05,0,0,0,-0.8046501603986146,-1.355650336041287,-6.291647056242361,0.0245165682124682,2.015336023860681,1.653223391318014,-0.4775258579981058,-1.3372272933186138,-0.5545730388041716,0.1083538136296852,-0.3607955526249473,6.291647056242361,7.164570701828104,1
154767,LU0815264279,"EMERGING LEADERS EQUITY ""Z"" (USD) A",1384,2016-01-06,2021-07-15,0.7894600619752783,0.9199515635909056,0.6225716306757045,0.7396998036959489,-0.3329107505070993,0.7776117962603472,6.900017715567611,0.0020010337969669,0.8335169093787408,0.7870629220407648,0.3660170331435967,0.6552266546097952,0,0,0,7.265026121802159,8.840887177814931,0.0555844248947566,0.0330937152568395,-0.6169499295323828,1.1109516706092522,-0.4072379826967368,1.2267945561056823,3.174016346686431,2.46964883884611,5.328402881942885,8.840887177814931,13.371507259077616,1
154950,IE00B5870639,"GAM STAR CREDIT OPP ""ORD"" (USDHDG) INC",1356,2016-01-06,2021-07-15,0.0265257102496609,0.0876910496630176,0.1843352261833225,0.1283338345700794,-0.257032319338528,-12.073532868599306,302.4728293588201,-1.5976349602911657e-05,0.2103329573718932,-0.0043285815092096,-0.0391041999383186,0.064572695328212,0,0,0,-0.5474884507568714,-0.3850056525808633,0.0133624916138945,0.0088393094306315,-0.0169347256300351,-5.363818857283981,6.013117089937143,-0.6927191750096657,-0.5834667273783184,-0.1492192695958148,0.2002762612364299,6.013117089937143,8.1399825890725,1
156282,LU2030555283,"OYSTER - STABLE RETUR ""C"" (EURHDG)",382,2019-12-12,2021-07-15,0.3448919969689317,0.3326745710611087,0.8773444464114389,5.565343762000441,-0.093446601941748,18.04705960469836,340.7409579296776,0.0010717318832097,0.135974023154789,-0.0246001098307505,-0.1029475544856448,-0.0095317138191923,0,0,0,2.7126102048877807,2.330720584345474,0.0801305390867796,0.2245389916513599,1.2766333683291335,9.811788414655505,6.844367339322926,-0.9217574787098644,-0.6797148222996514,-0.5619286304160516,-0.4431068690870254,9.811788414655505,12.6260625979374,1
156341,LU2027374805,"GLOBAL ENDURANCE ""Z"" (USD) A",314,2020-04-14,2021-07-15,1.7232723025795544,0.3468611466144219,2.894034899284338,4.220959250070398,-0.1886931888163568,0.5820888074012686,7.134739572782999,0.0023010891040558,0.898902336285255,0.6759481257308493,-0.2102804397562373,0.2008895024743647,0,0,0,16.82734524041833,2.4879836329881027,0.2744287965489375,0.1712039203757348,0.5234628116315634,1.0124416531123643,-0.402139416092276,1.4281929142593497,2.6464494413812685,-1.2557719722815084,1.383794692952613,16.82734524041833,17.419824353758738,1
156342,LU2027374987,"GLOBAL ENDURANCE ""I"" (USD) A",314,2020-04-14,2021-07-15,1.7216036526320408,0.3466780363074609,2.8937884513773984,4.223667932838043,-0.1886862213458225,0.5826186038454314,7.129591945488938,0.0023008941027782,0.8965647372785497,0.6756566298733733,-0.2140774879308611,0.2001333982585544,0,0,0,16.810258118830525,2.4859537925236186,0.2744050524989742,0.1713113805459417,0.5235179075025367,1.012708579560701,-0.4022512315019063,1.420992707359344,2.645065435177369,-1.280317633083072,1.3772301078919431,16.810258118830525,17.403517264175484,1
156345,LU2027375281,"GLOBAL ENDURANCE ""A"" (USD) A",466,2019-09-03,2021-07-15,0.894827806030063,0.3754708224334245,1.683480841257129,2.296855700231065,-0.4748316768194935,0.4423802141610631,6.0811815554331,0.0016801235324332,1.2314106986945403,0.9612518581106864,-0.1037445530237944,0.1568110834196044,0,0,0,8.34400104807698,2.805131687715296,0.1577978363024794,0.0948699556047214,-1.7392018294189509,0.9420525083633676,-0.4250245269500727,2.4523758466020755,4.00105577791119,-0.5670807525059169,1.001100713505993,8.34400104807698,10.245209972041964,1
157014,LU0119620176,"GLOBAL BRANDS ""I"" (EUR)",1384,2016-01-06,2021-07-15,0.7095200133060398,0.9283492570236228,0.5676020571738611,0.6502386415177326,-0.2960205391527597,0.6958464221970143,6.450568641691982,0.0018471789124106,0.7037231686187123,0.5340908144119674,0.5578333554591337,0.4791644183247823,0,0,0,6.446433023002864,8.933978485567975,0.0502883754541342,0.0295445688490716,-0.3252374185211786,1.0697559601886026,-0.417000797569002,0.827007516020024,1.9729187756841815,3.709627413578588,3.799809995013876,8.933978485567975,12.473017294689688,1
157017,LU0073230426,"GLOBAL BOND ""A"" (EUR) A",1384,2016-01-06,2021-07-15,0.5406858382215722,0.925777685859846,0.4566409228956091,0.5226549552970678,-0.207121057985758,0.6954108126167861,6.491918412858597,0.0017493298781756,0.2144627056717823,0.2844250777385226,-0.1247948648587354,-0.3572227111366512,0,0,0,4.717556285168206,8.90547173850296,0.0395978130995715,0.0244830072662048,0.3777428552898219,1.0695364877489653,-0.4161026086876029,-0.6799988401195266,0.7875196710485634,-0.7031585135205756,-3.461800693288793,8.90547173850296,10.79748825087581,1
157019,LU0073233875,"US PROPERTY ""I""",1384,2016-01-06,2021-07-15,0.5717307854048013,0.9297871381874476,0.4761657299306889,0.586789990984899,-0.461981942782552,0.7053282892719783,5.989909203684524,0.0016370326971017,0.7774805643232099,0.4458813324550091,0.297747735184572,-0.2008566053295749,0,0,0,5.0354592629601,8.949917890716112,0.0414789327224649,0.0270274033592277,-1.6375914551725743,1.0745331932746367,-0.4270071210299623,1.0541929776644785,1.5541050356597912,2.028328383113645,-2.1042119102714323,8.949917890716112,11.02480760602603,1
157020,LU0073233958,"US PROPERTY ""A"" (EUR)",1384,2016-01-06,2021-07-15,0.4716469021107379,0.8976181086161694,0.4198087111015549,0.5058112476708921,-0.4622880283472536,0.7281288547567931,7.149224964870658,0.0013953554266601,0.8049454042301962,0.2823765994438,0.0289246728751182,-0.4225959155573033,0,0,0,4.010591533587792,8.593313180633515,0.0360492097133319,0.0238147755670028,-1.640011853033832,1.0860207637028223,-0.4018247682055098,1.138789407265358,0.7777936094400142,0.2905469803956739,-4.029378484993073,8.593313180633515,10.591713667605832,1
157022,LU0042381250,"US GROWTH ""I"" ACC",1384,2016-01-06,2021-07-15,0.9843030069464352,0.917302256861767,0.7373248178311256,0.8923213666868185,-0.3588668803594427,0.7881258377158482,6.714104785945468,0.0024659131587872,1.0054057341649787,0.2024642392641493,-0.363168008406124,-0.1909155971619611,0,0,0,9.260234940889298,8.811518705384918,0.066640332989509,0.0391485915724177,-0.8222002530567363,1.1162489423714534,-0.4112763345807673,1.7562416934075082,0.3983741445649507,-2.244099280303536,-2.017902916960008,9.260234940889298,13.335777457266293,1
157023,LU0073232471,"US GROWTH ""A"" (EUR)",1384,2016-01-06,2021-07-15,0.8775999283083125,0.8975663740555734,0.6917949577287219,0.8257934856616413,-0.3671593308429434,0.807229784876782,7.33974161922095,0.002306685632075,0.4132720563744606,-0.1143329242795638,-1.0588176076231968,0.1740586877241934,0,0,0,8.167586071544573,8.592739685311198,0.0622537537463779,0.0365092653641738,-0.8877735166453576,1.1258740518282222,-0.3976864154206959,-0.067631853904637,-1.1057612607149678,-6.741060686598498,1.1508464273675472,8.592739685311198,13.81149388688711,1
157053,LU0073229840,"EMERGING MARKETS EQUITY ""A"" (EUR) A",1384,2016-01-06,2021-07-15,0.6420793270588605,0.9299511887573204,0.5232544719396942,0.62327175766782,-0.4152373354607099,0.7099310092385931,6.298573308876717,0.0017019922419586,0.6009550238289287,-0.0949662993531313,-0.3528046769762543,0.1603053582680874,0,0,0,5.755834489986543,8.951736447467374,0.0460157026096834,0.0284747256163853,-1.267954462662278,1.076852173907504,-0.4203024003132862,0.5104639586803571,-1.0138095970486225,-2.177106498976244,1.031438415622416,8.951736447467374,11.104150523689302,1
157070,LU0225737302,"US ADVANTAGE ""A"" (EUR)",1384,2016-01-06,2021-07-15,0.8677955413997094,0.947326812193742,0.649916572351644,0.7635210920614597,-0.3172374488368478,0.7524579649378711,6.462513768995029,0.0021876953613487,0.8342720831347561,-0.070443026746571,-0.147179728146945,-0.0443842616229882,0,0,0,8.067188291020967,9.144351184082918,0.0582189762263557,0.0340387649071273,-0.4930119519982062,1.098278458225634,-0.4167413286474629,1.2291206211293102,-0.8973744554954413,-0.8478633568864892,-0.7457007574095185,9.144351184082918,12.406334816744431,1
157072,LU0225741247,"US ADVANTAGE ""I"" (EUR)",1384,2016-01-06,2021-07-15,0.8731423190645935,0.9420329596293798,0.6566108168319218,0.7728856052285357,-0.3159913135886888,0.7367245663121378,6.333797856276286,0.0021704624320389,1.0724495231591102,1.1748677374666352,0.1993323538472326,0.7220223171237917,0,0,0,8.121939762531799,9.085667015362455,0.0588639339270731,0.0344102783936301,-0.4831580306202994,1.0903515265489525,-0.4195372619356365,1.962748091952928,5.015292154509778,1.3921314067078332,5.908330620855157,9.085667015362455,14.695923085835714,1
157437,LU0521028471,"BGF WORLD GOLD ""A2"" (CHFHGD)",1386,2016-01-06,2021-07-16,0.1686945575781315,0.3442831990988429,0.4243576968928049,0.6158413160242198,-0.5144032921810722,0.5165672533304433,9.166835011126484,0.0002447268270047,0.9028813112616032,0.7277700107524595,0.4992795325581834,0.7396055868064932,0,0,0,0.908332995748199,2.459406201879581,0.0364874822361184,0.028179941548915,-2.052117772648908,0.9794300391041912,-0.3579987720894987,1.440448841386916,2.8924968843489625,3.331111732590698,6.060990620711242,6.060990620711242,8.393321785061469,1
157438,LU0669555244,"BGF WORLD GOLD ""D2"" (CHFHGD)",1386,2016-01-06,2021-07-16,0.1772962999843073,0.3436852854691832,0.4464463611928851,0.6482520516615108,-0.5072655217965654,0.5056188558436874,9.09007293463823,0.0002753787916088,0.8988561864595798,0.7228444567016902,0.4874617450236777,0.7356889028039705,0,0,0,0.9964155912502236,2.452778124520679,0.0386156169615336,0.0294657558973924,-1.9956752410004424,0.973913926475816,-0.3596661777768734,1.4280507648606258,2.8691106262287573,3.2547167565707618,6.026985513012206,6.026985513012206,8.322305691966577,1
157661,IE00BGDW0265,NEW CAPITAL ASIA FUTU (GBPHDG),310,2020-04-07,2021-07-15,0.7556590082184891,0.1840780641589419,3.06105629375232,4.610429543422791,-0.1345049003041567,-0.2811409385632982,0.3989856048382667,0.000788691790943,0.90358332327035,0.1991115887218951,0.2043702275288529,0.5009399486390896,1,0,0,6.918900371342128,0.6834774138382343,0.2905204906697674,0.1866551738462668,0.9519613517309818,0.5775220670574845,-0.5484516966964349,1.442611159087585,0.3824559452801909,1.424698267296171,3.988867691030376,6.918900371342128,8.376536131703352,1
159972,LU0834154790,"GLOBAL OPPORTUNITY ""I""",1384,2016-01-06,2021-07-15,2.2142019249953893,1.410801555010588,0.8225377518586119,1.035179896695276,-0.3760967827705395,1.2923394882376509,8.431758908557283,0.0042306002803417,0.9199757104056984,0.6596175733571298,-0.493451296523535,0.994108593312664,0,0,0,21.854507565131662,14.282127439552328,0.0748501822359277,0.0448161441310183,-0.9584471844863603,1.3702860549632196,-0.3739659023463856,1.4931025301999694,2.568912882220441,-3.086303342820913,8.270615430983492,21.854507565131662,27.772278408834552,1
160397,LU0471596287,"INCOMETRIC GLOBAL VALOR ""I"" (EUR)",289,2016-01-13,2021-07-13,0.8893464193761713,0.3444701656067433,1.820713564216752,2.168775179016312,-0.2200150206533984,-0.9857736231389648,2.675556468749166,0.002622604017202,0.7461355312170337,1.5063455193138269,0.1762859452819815,-0.0880419129742271,0,0,0,8.287871168730872,2.4614787896521544,0.1710195376795337,0.0897886833441529,0.2757827393519223,0.2225081707812931,-0.4990006216362483,0.957644885795596,6.589130323269822,1.2431500661187185,-1.1247415825385314,8.287871168730872,11.05910265418499,1
161040,LU2051644214,"MIRABAUD EMERGING MAR ""A"" (EUR) A",307,2020-04-22,2021-07-14,0.056626810112508,0.1264511407553644,0.4356433582581158,0.2300617506088535,-0.0081472540736267,-16.052848772029332,270.7094758088521,8.452024717094377e-06,0.1228631336852384,0.2133854883855083,0.0456470923329455,-0.078858176444043,0,0,0,-0.2392505521792985,0.0446632317768468,0.0375748004878928,0.0128751084185711,1.9511452792320452,-7.368710873102476,5.323161857063627,-0.9621412727451472,0.4502276311604881,0.3986474881891955,-1.0450073099785469,7.368710873102476,9.427678086353646,1
162031,LU0083138064,"BNP EURO MONEY MARKET ""C"" (EUR) ACC",1346,2016-01-06,2021-07-14,-0.003624861045352,0.0002130125410505,-64.77338086740913,-64.91269190008572,-0.019206483445218,-2.4195194039441663,8.031444876583432,-5.472538113733423e-05,0.0012295647968598,0.0019896636937784,0.0008975821717488,-8.593449909180923e-05,0,0,0,-0.856232941132085,-1.3547296536531788,-6.244995615713361,-2.5714996580404117,1.8636934742302216,-0.4998535462595888,-0.3826614187287649,-1.3367935802924409,-0.5534680487198749,0.1093684885721607,-0.3610975104370925,6.244995615713361,7.367926543209387,1
162044,LU0102012688,"BNP EURO MONEY MARKET ""I"" (EUR) ACC",1331,2016-01-06,2021-07-14,-0.0031714194059343,0.0002042565483931,-65.88347012790845,-66.13363853501082,-0.0166354434034933,-2.6981597770149603,12.129128733398638,-5.337382158028296e-05,0.0012298399522542,0.0019494609274798,0.0009334287696934,-9.179939546990869e-05,0,0,0,-0.8515896590361306,-1.3548267168305486,-6.351947284292548,-2.619937642277508,1.884024193923798,-0.6402404551684269,-0.2936526049955616,-1.3367927327665117,-0.5536589292299887,0.1096002155330981,-0.3611484301520484,6.351947284292548,7.486905115209757,1
162067,LU0111461124,"BNP EURO MONEY MARKET ""P"" (EUR) ACC",1382,2016-01-06,2021-07-14,-0.0034301379113794,0.0001896604646828,-70.32205356724842,-70.54305441197351,-0.0186643072620782,-2.01419801215425,5.083039498208368,-5.295108170714177e-05,0.001225882328345,0.0020045170539162,0.0008912346908096,-5.0638077569259865e-05,0,0,0,-0.8542389591881149,-1.35498851941736,-6.779583080671507,-2.7948701173207167,1.867980778910453,-0.2956411534863512,-0.4467059068600991,-1.3368049229286814,-0.5533975257877223,0.1093274558786284,-0.3607910627853309,6.779583080671507,7.896295635544154,1
162532,LU0111547609,"BNP EURO GOVERNMENT BD ""C"" (EUR) INC",1387,2016-01-06,2021-07-15,-0.0758006729883934,0.2163265055187176,-0.4099395499939959,-0.2811853973051235,-0.5216072782410913,-35.416434375544384,1294.138029132828,-0.0003555588500417,-0.0060095334145125,0.0694698692353429,-0.1002144617027445,0.089969224609817,0,0,0,-1.5953195759335066,1.0409624307933611,-0.0438929752826129,-0.0074073352063602,-2.1090839104319783,-17.12463352821066,27.55380840158637,-1.359091247574908,-0.233075766240906,-0.5442608091762228,0.4207718929612343,27.55380840158637,32.602438816567386,1
164990,LU2051089121,"THEAM QUANT - EUROPE ""C"" (EUR)",256,2019-11-15,2021-07-15,-0.1324894793412132,0.3135508886849295,-0.4556678755225025,-0.2638372267961342,-0.3155954160438464,-14.46617259645594,220.52578172515416,-0.0009435291618972,0.1041669616897912,-0.5937318200199504,0.1330186027156842,0.5775049666136673,0,0,0,-2.175817917279212,2.118728015705548,-0.048298675698457,-0.006719090212173,-0.4800274368213145,-6.569298493362905,4.23308481959017,-1.019728697371513,-3.3819206943069715,0.9634523995167896,4.653614114414832,6.569298493362905,10.275810678366101,1
165797,LU1956132499,"BNP PARIBAS FUNDS EUR ""N"" (EUR)",391,2019-11-29,2021-07-15,0.3440404797784064,0.3658824158305826,0.7962732639251419,6.4973840877429865,-0.0914414107714303,19.15831910537361,372.0347463777438,0.001036659252736,0.0136449417520682,0.2001970420449706,-0.2469707490613587,-0.0821607149515693,0,0,0,2.7038905942886298,2.698840916674651,0.0723197273357523,0.261515345338944,1.29248958952918,10.371672413431735,7.52412280224072,-1.2985520843974474,0.3876096176040006,-1.492953025955443,-1.0736803348016648,10.371672413431735,13.62868687447884,1
165902,LU2030555523,"OYSTER - STABLE RETUR ""IHP"" (EURHDG)",384,2019-12-17,2021-07-15,-0.0784844728210093,0.1657635157181767,-0.5215104046649071,-0.384973856098132,-0.098471508065084,-14.30141876174346,249.5284630989661,-0.0004471817334882,0.1164437935360225,0.0587604812759078,-0.0740284956035231,0.0940857195230677,0,0,0,-1.622801921242404,0.480454371985461,-0.0546422812136446,-0.0115248810410451,1.236898492083663,-6.486290846871253,4.863073455700194,-0.981913944235546,-0.2839233477611305,-0.3749840941931649,0.4565117823108623,6.486290846871253,8.456511981068926,1
167367,IE00BK70ZP28,"BAILLIE GIFFORD WORLD ""A"" (USD) E",316,2020-04-06,2021-07-16,1.012606828424917,0.2281736904282194,3.069601716372253,4.3906916314651525,-0.1658859116096043,-0.3022037605997915,1.0306238397914953,0.0008628673876997,0.8453496934916197,0.8849663171184301,-0.0949474043376349,0.2878632581727549,0,0,0,9.550068551421589,1.1722925329522345,0.2913438003264206,0.1779376253382195,0.7038133127280488,0.5669100209781142,-0.5347314166635537,1.2632415658671676,3.638856249879266,-0.5102124122213523,2.1389109922528373,9.550068551421589,10.652211552845596,1
168609,LU0827889212,"BGF WORLD GOLD ""D2"" (GBPHDG)",1386,2016-01-06,2021-07-16,0.1957500561497009,0.3437962880151693,0.4915722493914424,0.7117200097511518,-0.4911354205960019,0.4545680326814241,8.8262728050783,0.0003352041544031,0.904173925163911,0.7306627555356391,0.5003105592832227,0.7417459170446535,0,0,0,1.1853836703968796,2.454008625759211,0.0429632754883648,0.0319836873659494,-1.868125081992538,0.9481930763993596,-0.3653963749846795,1.4444303144760742,2.9062314765345354,3.337776707883687,6.079573217676752,6.079573217676752,8.401616613066592,1
169173,AT0000A20DV3,"ERSTE WWF STOCK ENVIR ""I01"" (EUR)",362,2020-01-29,2021-07-16,0.5871011038427445,0.2986103658360994,1.53779036201123,1.7725067577160818,-0.3775262215400357,-0.8700769235200577,5.867048996486744,0.0011825836877759,0.7818061563709487,1.5714331310129817,0.3554927437934587,-0.2059162722911764,0,0,0,5.192852669758081,1.953107203079408,0.1437612714910681,0.0740677312602993,-0.9697505941844308,0.2807994436914326,-0.4296758582190214,1.0675165449740984,6.898162702558476,2.4016155601818,-2.1481405294400178,6.898162702558476,9.545516805917648,1
173754,AT0000A0A1P0,"ERSTE RESPONSIBLE STO ""VTA"" (EUR) A",362,2020-01-29,2021-07-16,0.3271923831290757,0.3033011807750879,0.9234786476173464,1.0551260884506213,-0.3185372403443646,-0.5768984751574519,9.453914106730794,0.0005337253650792,0.754976397999327,1.5817358385948106,0.3492629439731866,-0.4156533339584991,0,0,0,2.531364609195593,2.005106493193605,0.0845753436381905,0.0456074590781247,-0.5032901648500325,0.4285110465389443,-0.3517629152883836,0.9848762757069126,6.94707938814596,2.361343605174225,-3.969102181154261,6.94707938814596,9.031044278942305,1
174230,LU0858068074,"GL AS BACKED SEC ""A"" (USD) ACC",1384,2016-01-06,2021-07-15,0.5309784137139735,0.8870059427678986,0.4694630961369885,0.4825820137753729,-0.1989544002323556,0.7492112947390139,7.119613590424999,0.0016546642274544,0.1738623704974718,0.3464124624638228,-0.5695519668119895,0.1085257738624099,0,0,0,4.618151408121974,8.475673687739087,0.0408331667524482,0.0228932141874262,0.4423214020737208,1.09664269385868,-0.4024679787128392,-0.8050548538438952,1.081832344189547,-3.5782489684139063,0.5818820196527007,8.475673687739087,10.47319144932109,1
175270,GB00B4ZM1M76,"LIONTRUST EUROPEAN GROWTH ""I"" D",1215,2016-01-06,2021-07-16,0.1926337855072386,0.2652443423853035,0.6216957165407199,1.1858754347269231,-0.2998574864166743,14.972838911516096,401.2964560659208,0.0005644798609245,0.7869159993445497,0.4622232032725214,0.1252064502107815,0.069757243214175,0,0,0,1.1534727861232734,1.5832334058945658,0.0555000348537012,0.0507946102547449,-0.3555784081735035,8.262908991106238,8.159737983440747,1.083255739990408,1.631695334165539,0.912951474404238,0.2452891111674997,8.262908991106238,11.981474558445232,1
175749,LU0858068314,"GL AS BACKED SEC ""Z"" (USD) ACC",1384,2016-01-06,2021-07-15,0.590788525501283,0.923233346665438,0.4926242162501031,0.5052209283390627,-0.1963838664812239,0.7237229344770354,6.718781409740592,0.0017637298588636,0.0078410381649906,-0.2082955065242889,-0.4247482051906638,0.054892623689344,0,0,0,5.230612190452547,8.877266867144833,0.0430646273479199,0.0237913561335304,0.4626481182309995,1.08380093632405,-0.411174750185576,-1.31642910544972,-1.5518904026077285,-2.6421786706227306,0.1162327493263379,8.877266867144833,10.902352568374132,1
176077,LU0862299434,"UBAM MEDIUM TERM US C ""U"" (USD)",706,2017-10-04,2021-07-15,0.0102735918237595,0.0636475224383728,-0.0340068420082858,-0.0249364096738871,-0.0973786315889089,-19.98871948199325,492.6283093335566,5.428491013722171e-06,-0.0707391282491204,-0.0903294711120492,-0.1368489948602124,-0.0118280104927125,0,0,0,-0.7139115666516108,-0.6515363863199584,-0.0076736983080036,0.0027586983192698,1.2455405065743883,-9.35171397041847,10.143624539717328,-1.5584695301741969,-0.9917941930986716,-0.7810813031895583,-0.4630435848500777,10.143624539717328,14.0381715471126,1
177074,LU0535913296,"CS(LUX) CORPORATE SHO ""EB"" (EUR)",1384,2016-01-06,2021-07-15,0.007945215965311,0.0234004354692683,-0.0827606324473767,-0.0660513452798657,-0.0814784409575162,-13.668538896593727,515.0910870778991,-2.662244047406795e-05,0.0703390259541241,0.0347743597487278,-0.0111932362436457,0.017610676668454,0,0,0,-0.7377543393402174,-1.0976891292395272,-0.0123708874643741,0.0011275667482214,1.3712726280330738,-6.167428052510726,10.631555104895307,-1.1239245562841107,-0.3978081257080138,0.0312085301020582,-0.2074534665793936,10.631555104895307,12.496493395264467,1
178102,LU0075933175,"BNP LATIN AMERICA EQ ""C"" (EUR) INC",1331,2016-01-06,2021-07-15,0.3797453582883341,0.8107852040136402,0.3851087514130504,0.473799017629905,-0.5881782716633168,0.9132700381475164,10.054149805323044,0.0009570124097614,0.9219020843768884,0.0290806293831024,-0.4844801639416675,-0.1601725985522488,0,0,0,3.069511676940548,7.63074069448487,0.0327060383843464,0.022544770924896,-2.635499751891324,1.1793001336717406,-0.3387247529120551,1.4990360932788238,-0.4248416424707762,-3.028310300006229,-1.7509886144425697,7.63074069448487,9.527184771477808,1
178730,LU0866429482,"LO S - SH-T MN MKT (USD) ""M"" (USD) INC C",1362,2016-01-06,2021-07-16,0.001637297078276,0.0124248971653451,-0.6620344957711994,-0.2096602980311464,-0.0214075931581547,-19.89747269699491,417.7733308738636,-3.3142257952992905e-05,0.0019670745125164,0.0008105827001171,0.0033708715045896,-6.615133527719835e-07,0,0,0,-0.8023479811339276,-1.2193567302530637,-0.0681810898069567,-0.0045697569436524,1.846288010347012,-9.30574125672801,8.517644335402547,-1.334521923550519,-0.5590662600435498,0.1253568348443411,-0.3603571604211078,9.30574125672801,12.920147170505837,1
180158,LU0089290844,"BNP TARGET RISK BALANCED ""C"" (EUR) INC",1387,2016-01-06,2021-07-15,-0.0038842120797962,0.0859774571917123,-0.1600111802452974,-0.1276081053558248,-0.2519132653061222,-13.221385667259502,305.7826998983989,-8.894475793385348e-05,0.2588528767532529,0.1702257668382117,-0.0188557705501157,-0.0670070295441659,0,0,0,-0.8588887184364109,-0.4040014119983355,-0.0198135997575528,-0.0013145427502243,0.0235446332831376,-5.942139595626239,6.085013229471773,-0.543269480123899,0.2453076611230868,-0.0183252022387465,-0.9421142692257468,6.085013229471773,8.630266351091356,1
187905,LU0720469435,"BLUEBAY I-G ABS. R BND ""M"" (USDHDG) ACC",829,2016-01-06,2021-07-15,-0.0055774271614359,0.0462854969521449,-0.3185186947894945,-0.243588033676737,-0.0961029478871973,-17.95792458550375,438.4975960333402,-8.670434417650273e-05,0.0455611477447546,-0.0172165727282122,0.0330726820259304,-0.0078664764647914,0,0,0,-0.8762273891488604,-0.8440003850005661,-0.0350850232061648,-0.0059157544486968,1.255628084883657,-8.328542005049437,8.967811386301165,-1.2002446818226866,-0.6446581966408383,0.3173613954189189,-0.4286490839952522,8.967811386301165,12.44929161435807,1
190423,LU0823390199,"BNP EME BD OPP ""I"" (EUR) ACC",1386,2016-01-06,2021-07-15,0.4561959092644267,0.8504417908924262,0.4306410625816705,0.4796389367295666,-0.2456501107244538,0.8368276214499744,9.443793375333298,0.001224864788322,0.6824054769982909,0.480190051796846,0.2272905759195808,0.4158587606357739,0,0,0,3.852372013783389,8.070347541668133,0.0370928537757143,0.0227764550142769,0.073071065439371,1.1407862798772557,-0.3519827551606825,0.7613453601681162,1.7170009369191723,1.5728647037434025,3.2501828853756107,8.070347541668133,9.897935640273023,1
190438,LU0823386593,"BNP LOCAL EMERGING BD ""I"" (EUR) ACC",1387,2016-01-06,2021-07-15,0.3548063220596751,0.7816151870591133,0.376113375053872,0.426009174607979,-0.2501498621268435,0.9158522857229237,11.440521968211485,0.0010286951175238,0.3892150691397092,-0.235572657379121,-0.1303663836749786,-0.1067360410035389,0,0,0,2.8141337620238955,7.307381066364135,0.0318393778865418,0.020648829204944,0.037488895201605,1.180601143109654,-0.3086103404968075,-0.1417315112813476,-1.6814008057217162,-0.7391750728908244,-1.2870461842288523,7.307381066364135,8.237665687431196,1
190458,LU0823398176,"BNP ASIA EX-JAPAN EQ ""P"" (USD) ACC",1354,2016-01-06,2021-07-15,0.6959430029008582,0.8986484131138259,0.5774548162950354,0.6853816157103918,-0.2890901661672571,0.7292741453174727,6.968664938752372,0.0016519018485529,0.8301887277262088,-0.3732954550061049,0.1938641223668371,0.2229336390820572,1,1,0,6.307403247502057,8.604734458849867,0.0512376405858808,0.0309387778843364,-0.270434899597487,1.0865977935131272,-0.405746845723934,1.2165431843219443,-2.335301029157156,1.3567825386057004,1.575184460162326,8.604734458849867,11.247333319370208,1
190471,LU0823426993,"BNP PARIBAS CHINA EQUITY ""P"" (EUR)",1338,2016-01-06,2021-07-15,0.5835987380022263,0.7802311764202613,0.5770731078662112,0.6844180334224494,-0.3205682737278899,0.8952010126100692,10.992440166693353,0.0015362707248062,0.8085475544482191,0.2874220219717106,-0.2487982236900234,0.0290469710713904,0,0,0,5.1569881368456585,7.292038834434961,0.051200864846464,0.0309005501826995,-0.5193507355679623,1.170196447029918,-0.3183434558376195,1.1498846493407815,0.8017489964578027,-1.5047665638132055,-0.1081622236301935,7.292038834434961,9.260314167693751,1
190494,LU0823431720,"BNP PARIBAS RUSSIA EQUITY ""C"" (USD) A",1326,2016-01-06,2021-07-15,0.7962927643255577,0.915657864920246,0.6296072581853487,0.7696981628930624,-0.4556732566702541,0.7913377306846673,6.918330280924852,0.0017768933312821,0.8774081765133195,0.2126671786942488,0.0694247831152901,0.6989917604820244,0,0,0,7.334993592215281,8.793290057539979,0.0562622731799654,0.0342838246427569,-1.587704978531843,1.1178671849852904,-0.4068402019562463,1.361987206156385,0.44681713648783,0.5523561338915172,5.708376639766153,8.793290057539979,13.038776430831387,1
190496,LU0823432025,"BNP PARIBAS RUSSIA EQUITY ""C"" (USD)D",1326,2016-01-06,2021-07-15,0.6878327056331524,0.91978995640028,0.5589188483634238,0.6726481881113603,-0.4556371490280775,0.6510523990784259,6.210725064842826,0.0017473405117556,0.711916104995062,-0.0204341950961351,0.2973434051789123,-0.165703729443588,0,0,0,6.224353093254283,8.839095706759435,0.049451790772214,0.0304336111983543,-1.587419454253739,1.0471874631186826,-0.4222106168236929,0.8522431688668496,-0.6599352896244869,2.025714629820457,-1.7990105384824728,8.839095706759435,11.365390957775487,1
190497,LU0823432371,"BNP PARIBAS RUSSIA EQUITY ""I"" (EUR) ACC",1326,2016-01-06,2021-07-15,0.879479546836553,0.9844940922154404,0.6316789487848815,0.7713370728866467,-0.4547200472743389,0.6565427414709717,5.366882678550331,0.0021596765763087,0.2926838797760422,-0.3574067720277945,0.2490770755974978,0.410500021635021,0,0,0,8.186833529873743,9.556363212214787,0.0564618704324423,0.0343488442711046,-1.5801673934599914,1.0499536530603852,-0.4405403397613885,-0.4390641734395329,-2.259862441438717,1.7137014818283969,3.203657687852845,9.556363212214787,13.44046306061743,1
190498,LU0823432454,"BNP PARIBAS RUSSIA EQUITY ""N"" (EUR) ACC",1326,2016-01-06,2021-07-15,0.6980893609752388,0.8953061391752309,0.5809845608006474,0.6961181527049378,-0.4563467492260059,0.7191887451053105,7.2000958845876095,0.0017597361628928,0.875112181686837,0.0354876234308738,-0.428063640148396,-0.3528427306891849,0,0,0,6.329382142142338,8.567684207574851,0.0515777141979466,0.0313647229623821,-1.5930306786938342,1.0815164833451485,-0.4007197634331206,1.3549151472854684,-0.3944215892074491,-2.663610988080806,-3.423773191774801,8.567684207574851,11.753567363791143,1
190499,LU0823432611,"BNP PARIBAS RUSSIA EQUITY ""P"" (USD)A",1326,2016-01-06,2021-07-15,0.779458438370475,0.8935367013643243,0.6346322502122967,0.7740153292040374,-0.4548109600679694,0.7789159289035806,7.001888154779765,0.0017873375908142,0.5661074721071877,-0.7783224938737682,-0.0023591289632465,0.1468538978921038,0,0,0,7.162608620237257,8.548069383441923,0.0567464065744615,0.0344550973484905,-1.580886294174825,1.1116087295579355,-0.4050251797413127,0.4031275072036682,-4.258347001039652,0.0883157857430236,0.9146512664676698,8.548069383441923,12.141507244316099,1
190503,LU0823435044,"BNP PARIBAS US GROWTH ""I"" (USD) ACC",1351,2016-01-06,2021-07-15,0.6541003967783428,0.7930207216070575,0.622799346269837,0.7216936392547262,-0.3067699115044249,0.9604515393011862,10.543266303547188,0.0017496491871626,0.3315697390336671,-0.2209156038186748,-0.395938362858352,0.3881125953317733,0,0,0,5.87893129661058,7.433815323008236,0.0556063641780383,0.032379366009767,-0.4102390025560121,1.2030715097707798,-0.3281002926546193,-0.3192890403494406,-1.611809926337756,-2.45594015451396,3.0092874394345883,7.433815323008236,10.456492743862116,1
190513,LU0823413744,"BNP EMERGING EQ ""I"" (EUR) ACC",1379,2016-01-06,2021-07-15,0.4674141375855174,0.7954748847769684,0.4700200611123658,0.5359049419357016,-0.3613062828999384,0.8104192048823576,10.9769973137565,0.0011642604961327,0.8443929948982731,0.5738796757243366,0.2004698337224652,0.7132595685046094,0,0,0,3.967247654182308,7.461020562251226,0.0408868276025945,0.0250086671317429,-0.8414900379164644,1.1274809719269152,-0.3186789014377673,1.2602947696915705,2.1618340878234865,1.399484538378024,5.832251414479829,7.461020562251226,10.757538616193477,1
190673,LU0898765598,"EMERGING MKT SMALL CAP EQ ""Z"" (USD) A",1384,2016-01-06,2021-07-15,0.5580394023895396,0.8910882018508803,0.4870090565738854,0.5717388352062319,-0.5167627029858567,0.8345262695090164,7.352228198916357,0.0014603151424693,0.877746615961664,0.4413448304972987,0.0695276238629094,0.310508867067892,0,0,0,4.895258301916354,8.520926927770565,0.0425236341881086,0.0264302866421634,-2.070775015996192,1.1396267936127855,-0.3974151852123369,1.363029657853282,1.532565975352604,0.5530209382320342,2.3355228120711766,8.520926927770565,10.596422078997167,1
190674,LU0868754200,"MORGAN STANLEY INVEST ""Z"" (USD)",1384,2016-01-06,2021-07-15,0.9729857697592496,0.95881867545267,0.6994174382279424,0.8236384548833516,-0.380334394904458,0.7205735103645361,6.252424362358459,0.0023358006465696,0.703614064549768,0.2967455932038972,-0.116294370918837,0.7302050259197813,0,0,0,9.144345441031266,9.271742424054224,0.0629881424456589,0.0364237699429299,-0.991956465970363,1.0822141672886654,-0.4213048356226367,0.8266714567268014,0.8460167968292102,-0.6482078699419838,5.979373853778275,9.271742424054224,14.473922532008642,1
191553,LU0868753731,"MORGAN STANLEY INVEST ""A"" (EUR)",1384,2016-01-06,2021-07-15,0.8552606064445722,0.9357197296812628,0.6507643740538114,0.7731329399190123,-0.3608327574291644,0.7479463245686321,6.414208169515399,0.0020434895856739,0.7258962495424143,0.2370982808195311,0.0890942541852803,0.8338422537984259,0,0,0,7.938829459384155,9.015682699225575,0.0583006577720634,0.0344200907748562,-0.8377455946336534,1.0960053660725997,-0.4177906102066543,0.8953044180135946,0.5628146576953579,0.6795075796531928,6.8791643636516415,9.015682699225575,13.97471606502915,1
191556,LU0868754119,"MORGAN STANLEY INVEST ""I"" (EUR)",1384,2016-01-06,2021-07-15,0.8576730737976834,0.9263542646221888,0.6587498712191712,0.7719022654175882,-0.3742012779552718,0.7158063801886547,6.722886612121179,0.0021214935623177,0.8060062350415975,0.60150419956485,0.0337819931498949,0.7087246583839816,0,0,0,7.96353333634208,8.911863311550864,0.0590700213508853,0.0343712668620038,-0.9434583175486132,1.0798123521375351,-0.4110855780564417,1.1420569485785088,2.292993798654616,0.3219466704670382,5.792878795458722,8.911863311550864,13.612205928189509,1
191562,LU0384383286,"GLOBAL INFRASTRUCTURE ""I""",1384,2016-01-06,2021-07-15,0.6550656417255014,0.9135778071179644,0.5412720252945807,0.6263238387380102,-0.3433696348494556,0.6906905250992222,6.588947014355801,0.0018633848328328,0.9069621058839072,0.9947847209434548,0.5861729684310201,-0.0601789629303778,0,0,0,5.888815489396905,8.770231904421182,0.0477516057154867,0.0285958092498049,-0.6996544547133052,1.0671582732553198,-0.4139949788607939,1.453018390532315,4.160267955390809,3.892826176213312,-0.8828321978540209,8.770231904421182,12.196332591070096,1
191565,LU0858068231,"GL AS BACKED SEC ""I"" (EUR) ACC",1384,2016-01-06,2021-07-15,0.5063158514319852,0.8960999243821807,0.4465455443104233,0.4500213974853776,-0.1968218567047662,0.7207025051152879,7.187857454516747,0.0016365937586274,-0.1964435891316846,0.0287807500080509,-0.5602245195303079,0.1462471424767389,0,0,0,4.365604610630316,8.576483588450328,0.0386251727696051,0.0216014537013492,0.4591846729641604,1.0822791584962348,-0.4009856034004359,-1.9456608850694892,-0.4262654531522941,-3.517952562734696,0.9093833451257468,8.576483588450328,10.551292238361478,1
196271,FR0011307065,"AMUNDI EURO LIQUIDITY ""DP"" (EUR)",1379,2016-01-06,2021-07-16,-0.002753058233867,0.0001501211724034,-83.97606932979355,-84.98608864249387,-0.0149827867438538,-2.385752535904464,10.174089400654932,-5.006439554223232e-05,0.0011832292989768,0.0019469952380071,0.0008515563428726,-7.487522360328254e-05,0,0,0,-0.8473056039978748,-1.3554268260137377,-8.095080690254607,-3.3678611427939256,1.897092718237528,-0.482840842122769,-0.3361194564877406,-1.3369363015934916,-0.5536706361871876,0.1090709589302521,-0.361001492516367,8.095080690254607,9.252522330431566,1
200452,LU0955010870,"GLOBAL QUALITY ""A""",1384,2016-01-06,2021-07-15,0.6347360179012114,0.8610208833714932,0.559928743884316,0.6439026885541533,-0.2967496834107219,0.8070113977267797,7.806720195042745,0.0018020980446455,0.4746700195531572,0.1437894642842962,-0.2082582530550563,-0.0110087092723781,0,0,0,5.680638361151631,8.187620404937931,0.0495490892642303,0.0292932058648117,-0.3310031892926312,1.125764022199004,-0.3875428293059232,0.1214844303072638,0.1197895592207969,-1.242699736544194,-0.455930316019231,8.187620404937931,10.130077668647166,1
202327,LU0955011258,"GLOBAL QUALITY (GBP) ""Z""",1384,2016-01-06,2021-07-15,1.5837124526109432,1.3453971347114124,0.6995456635875311,0.850730669532826,-0.3639246778989096,1.1510519593421502,8.050847986696933,0.0036338386970839,0.8504154299870855,0.0881415942940098,-0.3059107879846947,-0.5939777785425936,0,0,0,15.398240155350608,13.557097040757464,0.0630004963316482,0.0374985853595921,-0.8621952209969408,1.2991013977277517,-0.3822399494611774,1.2788449053465385,-0.1444234487004498,-1.8739653640953196,-5.517335824600358,15.398240155350608,21.426438128913862,1
203265,LU0326422762,"BGF WORLD GOLD ""C2"" (EURHDG)",1385,2016-01-06,2021-07-16,0.1612514947708117,0.3452636132957551,0.4046160115487253,0.5847303618630911,-0.5211038961038968,0.4994412437507383,9.260328161099691,0.0002199162901923,0.9044243974241886,0.7197231448239938,0.4868971134767825,0.7396379170571094,0,0,0,0.8321153808051357,2.4702744290256966,0.0345854674493391,0.026945692758549,-2.105103372998112,0.97080147060085,-0.3559679384131878,1.4452018121074204,2.854290810124198,3.251066749041077,6.061271315720957,6.061271315720957,8.357107881442884,1
203334,LI0214880598,"CREDIT SUISSE MONEY M ""EB"" (EUR)",1308,2016-01-06,2021-07-15,-0.0063244083264737,0.0016376224948353,-9.768249937454163,-11.787233317063563,-0.0323916747490226,-1.1462952918268547,457.4675077723992,-6.349698372025085e-05,0.0026117856525656,0.0038626348194746,0.0014447834051061,-0.0006156575962512,0,0,0,-0.8838765416927004,-1.3389373644134748,-0.9455203908749452,-0.4638808221108323,1.7594304428680154,0.1416328093552733,9.379870832446317,-1.3325361023785482,-0.5445752854396948,0.1129058194793508,-0.3656966282004785,9.379870832446317,9.84883312156404,1
203953,LU0955011175,"GLOBAL QUALITY ""I"" (USD)",1384,2016-01-06,2021-07-15,0.7324021142778105,0.9171042632770596,0.5890910742288669,0.6858437639027685,-0.2962815669119106,0.7525231733625897,6.657751295052066,0.0019433157195978,0.6606296092858764,0.0066899611535155,-0.2242572712640511,0.0214009209402119,0,0,0,6.680747740761199,8.809323878689375,0.0523587371015622,0.0309571124504977,-0.3273015179196384,1.0983113120762091,-0.4125004303259294,0.6942719431676867,-0.5311512964312693,-1.3461238850026036,-0.1745461233819944,8.809323878689375,11.239684118164245,1
204942,IE00BCZNWV20,"ALGEBRIS FINANC INC ""I"" (CHFHDG) ACC",340,2018-01-16,2021-07-15,0.0286819636659465,0.1957245386441764,0.0498175183637314,0.1407029530782046,-0.2349699891764241,11.335680350455496,176.21833876953653,0.0001460893608162,0.3956945062214899,-0.1507889500068857,0.1499015540628009,-0.5082203158273512,0,0,0,-0.5254082269489394,0.8125825722045753,0.0004023686610055,0.0093300230705116,0.1575250428035896,6.4304055316420765,3.270650167519119,-0.1217737309047449,-1.2788524538900417,1.0725906506101377,-4.772779522956028,6.4304055316420765,8.865025715162199,1
205195,LU0957145286,"BNP PARIBAS INSTICASH ""I"" (EUR) D A",1379,2016-01-06,2021-07-15,-0.0025054520994656,0.0001717304313652,-72.06995124232614,-78.35983624401172,-0.0139463907881436,-1.5618846347795927,14.815301185321172,-4.913052522695168e-05,0.0012254084794518,0.001996832831304,0.0008856455923583,-5.358624811852449e-05,0,0,0,-0.8447700954984987,-1.355187279977383,-6.94798446919693,-3.104981259228503,1.9052881081673425,-0.0677528679233263,-0.2353042716972816,-1.3368063824647525,-0.5534340100515452,0.1092913256773606,-0.3608166591461756,6.94798446919693,8.148074678843075,1
213595,LU0974391335,"LO SE CAPITAL PRESERVATION ""P"" (EUR) ACC",1384,2016-01-06,2021-07-15,0.0001105978657802,0.0356911605142558,-0.2728963171778277,-0.2856427892465999,-0.0996686233667877,0.6256814291583486,317.3106347945151,-5.70481544795466e-05,0.0681832535204275,0.0434566490915643,0.0030606586106661,0.0227717463578872,0,0,0,-0.8179815147643906,-0.9614422327746768,-0.0306895303537046,-0.0075841710109923,1.2274322001376607,1.0344048501618952,6.335420006995698,-1.1305647060734545,-0.3565850962674647,0.1233514927679872,-0.1626444570911724,6.335420006995698,6.764288022629321,1
218706,IE00B50JD354,"GAM STAR CREDIT OPPORT EUR ""I"" (EUR) ACC",1376,2016-01-06,2021-07-15,0.0529986364663213,0.0794383409021672,0.5258922662786265,0.3823378864804019,-0.2676160197284916,-13.304515297071838,344.9190830537901,7.179639240860782e-05,0.283422521966252,0.056089217335494,-0.0272906894502443,0.0384441342369276,0,0,0,-0.2764033680388766,-0.4764897555917517,0.0462698411875043,0.018916280782738,-0.1006262444150951,-5.984022656718483,6.935123477161042,-0.4675907480206275,-0.2966063611589746,-0.0728519421402669,-0.0265749561090771,6.935123477161042,9.194191674555467,1
219867,LU0012186549,"BNP USD MONEY MARKET ""C"" (USD) INC",1254,2016-01-06,2021-07-15,-0.0014227870893956,0.0167188796866697,-0.7161984324711756,-0.0915985779900003,-0.0265784940402069,-19.89390975002164,428.1797061105208,-4.668224609858612e-05,0.0012398016656585,-0.0008578086060006,-0.0057486568098485,-0.004356859535692,0,0,0,-0.8336835109853753,-1.1717564633962776,-0.0733995200837024,0.0001140446008011,1.8053986680224376,-9.303946143167575,8.743688888238633,-1.3367620489762706,-0.5669876896590226,0.0664045017734994,-0.3981781801440572,9.303946143167575,13.062150117998529,1
221240,IE00BFNWY499,"LORD ABBETT SHORT DUR ""I"" (EUR)",1064,2016-01-06,2021-07-15,-0.025634146356816,0.1477568917795093,-0.2505982226060758,-0.1814823357660974,-0.2936109117013642,-21.555302316761143,609.9089326404102,-0.0001383776059851,-0.0656684253601081,-0.0878164052159358,0.0826323808567761,0.0130475923473352,0,0,0,-1.0816099500955785,0.2808447786967665,-0.0285412180463568,-0.0034518672235078,-0.306183082732847,-10.141002756171108,12.691163471270508,-1.5428508933487122,-0.979862295262648,0.637735407278833,-0.2470706972978996,12.691163471270508,16.402962080114044,1
223482,LU0987207585,"AMUNDI INDEX J.P. MOR ""RHE"" (EURHDG)",564,2016-01-06,2021-07-15,-0.0201905898056147,0.0879969965148977,-0.2962697509733893,-0.2225037956153689,-0.130001762735766,-15.848584135339893,327.4386099883601,-9.190530293667808e-05,-0.04338241212226,0.0206513104010449,0.0045693895538841,0.0284815385142077,0,0,0,-1.0258674543138389,-0.3816141269467542,-0.0329414463336287,-0.0050792903792165,0.9875702983668926,-7.26579656593231,6.555417227138518,-1.4742061404084157,-0.4648635826342693,0.1331045420499391,-0.1130713750938186,7.26579656593231,10.017964764224072,1
227810,LU0919597632,"EMERGING MKT CORP DEBT ""I"" (USD) A",1384,2016-01-06,2021-07-15,0.6213829772556887,0.9265382045157882,0.5114657998714525,0.5185212488984235,-0.2406809509832699,0.7299565048488437,6.6256341051576,0.0017819742915162,-0.079799742872631,-0.1445956696402668,0.3420434468158386,0.3783227816565802,0,0,0,5.543902055602976,8.913902348267353,0.0448799217379144,0.0243190128706672,0.1123651223856193,1.0869415855642142,-0.4131980714990512,-1.5863777812229694,-1.2494471013608326,2.3146738448150024,2.924291134355085,8.913902348267353,11.38186353133663,1
229594,LU0552643768,"MIROVA EURO GREEN&SUST CORP BD ""I""(EUR)D",1031,2016-01-06,2021-07-13,-0.0394185326855724,0.0955259496307626,-0.4716294083078106,-0.3281702308653376,-0.2887679751263117,-26.58510708594185,797.9615735648551,-0.0002031468075384,0.0945797645025691,0.0663460902084032,-0.0325758593713649,-0.0268591085486226,0,0,0,-1.2227632732139,-0.2981531031331675,-0.049836491282496,-0.0092713402023787,-0.2678871463011792,-12.675160804333094,16.775993602868372,-1.0492589132644616,-0.2479072962335743,-0.107017426009933,-0.5935453327308781,16.775993602868372,21.10161586981538,1
237537,LU0718510364,"LO FUNDS ALL ROADS ""P"" (GBPHDG)",610,2016-01-06,2021-07-15,0.1341259214160504,0.0890157795459506,1.4142849502380286,3.6938093120548423,-0.0415867988999081,13.913154021470962,282.33053213446584,0.0003599047925229,0.2647990694809217,0.0499589743291569,-0.0142093927501231,0.1331616631665466,0,0,0,0.5543471342400548,-0.3703205681335895,0.1318621293790527,0.1502905735858069,1.6867192098162416,7.729009741362407,5.575591393849208,-0.5249541840514271,-0.3257124157891919,0.0117108700441215,0.7957736863046675,7.729009741362407,9.755475590125986,1
240854,LU0940006884,"ROBECOSAM EURO SDG CR ""FH"" (EURHDG)",1377,2016-01-06,2021-07-15,0.0272815985898611,0.0489389107833799,0.3488384656306747,0.2803374342045275,-0.1461320372620493,-15.425968685866431,493.4901464465801,4.072543785841103e-05,0.0844286243671954,-0.0002669978648325,-0.04070515512332,0.0138564712770433,0,0,0,-0.5397480879593592,-0.814586383937211,0.0292115738198264,0.0148696696056502,0.860018768770989,-7.052870937263186,10.16234513938826,-1.0805261704099278,-0.5641825529473488,-0.159568493814821,-0.2400479160108495,10.16234513938826,12.501230208865026,1
241254,LU0212992787,"BNP PARIBAS INSTICASH ""I"" (GBP) D",1383,2016-01-06,2021-07-16,1.5960001542580926e-08,0.0001787263973355,-55.56297151024692,,-0.0002959124099267,0.0116443452370663,687.500421795404,-3.9418557385896e-05,0.0011510050639696,0.0019679337797112,0.0009041095433743,-3.043988042527714e-05,0,0,0,-0.8191138831633278,-1.3551097272986163,-5.357617740710073,0.0245165682124682,2.013230436986377,0.7250355824671377,14.376585443000272,-1.337035557778398,-0.5535712211496293,0.1094106841521156,-0.3606156996800191,14.376585443000272,15.6433065811787,1
241627,LU0870268843,"MFS MERIDIAN US CORP BND ""IH1"" (EURH) A",1344,2016-01-06,2021-07-15,0.1268301473767081,0.1211218921187089,0.905125857393437,2.481816249882125,-0.1102519736130637,14.655973273473624,288.4247216460912,0.0004256212252754,0.1040406001562665,0.1438242882113052,0.0416342741333905,-0.0072636100597278,0,0,0,0.4796377691793004,-0.0144133145274709,0.0828071421003718,0.102207799808725,1.1437434501438486,8.103263111458686,5.70796777964406,-1.0201179126231323,0.1199549012995555,0.3727070023552552,-0.4234149274947237,8.103263111458686,10.05846421386201,1
241800,IE00B7VSHT93,"LM WRN ASSET AZN OP ""X"" (EURHDG) A",658,2016-01-06,2021-07-15,0.0359786533669952,0.2026124066848792,0.086382712602517,0.0965381411698707,-0.2203468927432518,5.626508188958857,310.4193593668579,3.5835450975144074e-05,0.0861648818962518,0.1434568790403571,0.023047823217643,0.1387587432265964,0,0,0,-0.4506894854321256,0.8889369484004618,0.0039252462123126,0.0075778953346573,0.2731584323308597,3.553962956763425,6.1857295300438535,-1.075178198664116,0.1182104628832964,0.2525566385195234,0.8443681887254718,6.1857295300438535,7.342250687277865,1
242882,LU0987193348,"AMUNDI CASH EURO ""R2"" (EUR) INC",1219,2016-07-29,2021-07-15,-0.0026460330414656,0.0052455002168935,-2.574146185128775,-131.80188032982284,-0.0127999999999992,34.03487087091339,1175.4282999095194,-5.256065090347253e-05,-0.0003147544784733,0.0018114081561901,-0.00418702095421,-0.0024486906275598,0,0,0,-0.8462096566553856,-1.2989428042344906,-0.2524036951086018,-5.225159828036764,1.914353291670835,17.866900382624234,24.97522680623393,-1.341550349212247,-0.5543143961501182,0.0764995498859343,-0.3816112349457233,24.97522680623393,31.283872186500798,1
244806,IE00B51RDZ02,"GAM STAR CREDIT OPPOR ""C"" (USDHDG)",1376,2016-01-06,2021-07-15,0.0580299046510559,0.0797917103137553,0.5833148708464568,0.3667314085770253,-0.2474502749205703,-11.814813840844293,315.91136283899226,8.488143682990363e-05,0.2732050572469757,0.0453440399481844,-0.0142653414319836,0.07692519432467,0,0,0,-0.2248827412342411,-0.4725725346419495,0.0518022281686466,0.0182971330582948,0.0588361126266152,-5.233468886164763,6.305025388669034,-0.4990622962892869,-0.3476238689026492,0.0113491950523688,0.3075220994138848,6.305025388669034,8.239388502902006,1
244892,LU0337472251,"NN (L) LIQUID EUR ""A"" (EUR) D",1398,2016-01-06,2021-07-15,-0.0041875498734685,0.0002050075642594,-69.00487754737806,-73.76967615804631,-0.0230109399553579,-1.354020565380782,3.47135107216433,-5.614276590294593e-05,0.0013421584049976,0.002133714360672,0.0008261441318269,-0.000177996991403,0,0,0,-0.8619949240071952,-1.354818391562462,-6.6526796161030255,-2.92287821268267,1.8336094080006773,0.0369749353541159,-0.481714580033146,-1.336446772618462,-0.5527841041232593,0.1089066840820388,-0.3618968077416663,6.6526796161030255,7.823679504842485,1
244945,IE00B2B35T50,"JANUS H US STRATEGIC VALUE ""I"" (USD) INC",1255,2016-01-06,2021-04-12,0.0382998934884386,0.2449606739299215,0.110981837770564,0.0816719549295733,-0.5404688191065898,-22.113334842454485,664.015185809886,-0.000113116919096,0.361143332783527,-0.1089040169793538,-0.1534208827473957,0.1909552757938791,0,0,0,-0.4269197833153341,1.3583819942933564,0.0062952515586642,0.0069881168184018,-2.258233162914311,-10.422155341811582,13.866445308143703,-0.2281972863039844,-1.0799851092151085,-0.8882087138025786,1.2975445773040286,13.866445308143703,17.65553096243277,1
245528,LU0856992614,"ALLIANZ ADV FXD INC S DUR ""A"" (EUR) D",1370,2016-01-06,2021-07-16,-0.0090839896459559,0.0160387949959332,-1.181374111488978,-0.8073302938888297,-0.0835979920090159,-15.57618139407729,318.7251204543589,-7.713476766349275e-05,0.0308327698079945,0.0371373865408747,0.0157601238515674,-0.0049943126973876,0,0,0,-0.9121348960633656,-1.1792954351092528,-0.1182169206511416,-0.0282808095074823,1.354512096261908,-7.128552352530275,6.36614509341639,-1.2456106184704854,-0.3865886052365096,0.2054459913965947,-0.4037126229029285,7.128552352530275,9.865214460331424,1
245890,LU2107591401,"LO FUNDS CLIMATE TRAN ""M"" (EURHDG)",273,2020-03-16,2021-07-15,0.7064414351593031,0.2418002968986422,2.2120937205229203,4.844228706692997,-0.0684305759448291,6.357648732113535,69.39461598059856,0.0015737733048489,0.6678418124775405,0.3453290794272497,-0.090724304941603,-0.1245149274255697,0,0,0,6.414908113186257,1.3233481325321883,0.2087271007154103,0.1959305671035842,1.4744497399673604,3.922332262690732,0.9502532857064936,0.716486769164748,1.0766885014715095,-0.4829125833703374,-1.441404551449867,6.414908113186257,8.088843486898186,1
245901,LU2107592128,"LO FUNDS CLIMATE TRAN ""P"" (EURHDG) A",276,2020-03-16,2021-07-15,0.7104558401479886,0.3119942777934978,1.7219567708720729,4.879132245932984,-0.068812643245647,11.379700715368806,165.90212631361288,0.0012989360941136,0.8454649990345376,0.3841714455365438,0.4936568637444768,-0.0596890254882884,0,0,0,6.4560159718156696,2.1014724508642004,0.1615048038580457,0.1973152771598342,1.4714285100094635,6.452584237804118,3.046564106952424,1.263596726766597,1.261109906752723,3.29476451887265,-0.8785785037920769,6.4560159718156696,10.679807684649592,1
246011,LU2107589173,"LO FUNDS CLIMATE TRAN ""M"" (CHFHDG)",273,2020-03-16,2021-07-15,0.701374885832277,0.2417356893659034,2.200358314271268,4.8279515131535895,-0.068736808311532,6.345516200244876,69.04561553912934,0.001560664191528,0.6680908603458615,0.3462423075514975,-0.0885595878476541,-0.1237716521310382,0,0,0,6.363026204394954,1.3226319359049197,0.2075964517444398,0.1952848104246821,1.4720281812566836,3.916219549635161,0.9426723896752212,0.7172538794239383,1.0810244580798738,-0.4689189733143679,-1.4349513485812424,6.363026204394954,8.04195258031974,1
246166,LU2107589504,"LO FUNDS CLIMATE TRAN ""N"" (CHFHDG) B",266,2020-03-16,2021-07-15,0.7370276031658871,0.2722045893637773,2.03040676359498,5.839699029291743,-0.0686396350873355,10.339708711650688,143.53620722767897,0.0017462656909893,0.3248580740809056,0.2125128643222048,0.0245297086387806,0.1982677722826196,0,0,0,6.728113152033576,1.6603901274040629,0.1912224514102024,0.2354233462433489,1.4727965868632862,5.928606821743161,2.5607374801420653,-0.3399621225011608,0.4460844603870132,0.2621361474488854,1.3610325253969249,6.728113152033576,9.707057623216716,1
247025,LU0103636329,"UBAM DYNAMIC US DOLLAR BD ""AD"" (USD) D",1312,2016-01-06,2021-07-15,-0.0036376911468625,0.0196545877077278,-0.6867430211614771,-0.3055577385955724,-0.0485201001325277,-13.71150045788688,233.59397037340327,-4.8861573712320535e-05,0.0373930616812647,0.0439119849176187,0.000194712792219,-0.021872449178183,0,0,0,-0.8563643224950961,-1.139213134558305,-0.0705616353294246,-0.0083742464942728,1.6318935355272646,-6.1890733034317424,4.516948585040933,-1.2254037914327949,-0.3544231869574206,0.1048248555750754,-0.5502505739908358,6.1890733034317424,8.083794843367953,1
248158,LU1022404138,"BNP EURO COVERED BD ""P"" (EUR) ACC",778,2016-01-06,2021-07-15,-0.0184516477472008,0.0387241482937111,-0.5971888164962517,-0.4314871952481471,-0.0962704390960866,-21.4044008260403,542.1499357457203,-9.204267833242774e-05,0.0025924890821141,0.0377448539984182,-0.0055093171800574,0.0057318957735153,0,0,0,-1.0080605353548666,-0.9278205244983913,-0.0619335258989094,-0.0133701806832374,1.254303633780677,-10.064974312774456,11.219320316919486,-1.3325955391336604,-0.3837043833570402,0.0679516902997035,-0.3105864289029962,11.219320316919486,15.253042538290819,1
248583,ES0183302035,MIRABAUD SHORT TERM (EUR) ACC,1348,2016-01-06,2021-04-15,-0.0026706088027831,0.0057831350324446,-2.2500165004254886,-2.517387695375932,-0.0368134231765715,8.146844247769973,313.66519853340367,-5.428163625157626e-05,0.0162988527153605,0.0147196443117808,0.0009365594555525,0.0039759909076131,0,0,0,-0.8464613146034,-1.2929829381743383,-0.2211753859549131,-0.0961230321635484,1.7244650878454992,4.823779619756769,6.256234796891734,-1.2903775822800674,-0.4930268050487568,0.1096204535573843,-0.3258313999131175,6.256234796891734,8.357983955330818,1
248608,FR0011176635,"AMUNDI EURO LIQUIDITY ""E"" (EUR) A",1410,2016-01-06,2021-07-15,-0.0042640170327902,0.0001890621528319,-74.68843982015444,-74.8435038147286,-0.0236208952558542,-2.139818708093994,6.559222426038295,-5.603895644936533e-05,0.0012449008332583,0.0020555753433086,0.0007925347186416,-0.0001840141712979,0,0,0,-0.8627779544149508,-1.3549951519091377,-7.200263031398596,-2.965479621802346,1.8287861341353349,-0.3589324167143008,-0.4146406485701466,-1.3367463426632415,-0.5531551038545551,0.1086894191915644,-0.3619490495998914,7.200263031398596,8.312590733248394,1
249423,LU2134542260,"BGF WORLD TECHNOLOGY ""I2"" (USD)",291,2020-05-19,2021-07-16,0.668964411292065,0.244438693298923,2.0975574986839804,2.5395713540824056,-0.1930264993026506,-0.856134892824923,1.7603510971538672,0.0007826913785584,0.6907791625648169,0.333895015056916,-0.3872665617504323,0.3777144925927429,0,0,0,6.031140106887021,1.352595660230231,0.197692096167289,0.1044990881802571,0.4891967872164113,0.2878238334868941,-0.5188804726190097,0.7871377516012197,1.0224001964460276,-2.399882111859626,2.9190098976981047,6.031140106887021,7.402060670467087,1
249854,FR0011307107,"AMUNDI EURO LIQUIDITY ""DP"" (EUR) C",1361,2016-01-06,2021-06-30,-0.002615465982049,0.0001655566660692,-75.76466886986621,-77.99921360808618,-0.0142189805436465,-2.5460510036235444,13.079416240603916,-4.978729572662453e-05,0.0011288790104651,0.001635919691851,0.0009703358492232,1.900068428882221e-05,0,0,0,-0.8458966472901741,-1.3552557182800875,-7.303952434346511,-3.090674463947829,1.903132581290852,-0.5636037485813654,-0.2730107090666831,-1.3371037098278538,-0.5551476056696673,0.1098387978775018,-0.3601864509260422,7.303952434346511,8.467832113099552,1
250316,IE00BK5TW727,"BAILLIE GIFFORD WORLD ""A"" (EUR) E",316,2020-04-06,2021-07-16,0.8623095712232238,0.2677916129274721,2.324886964911669,3.52517898912075,-0.2166590356500043,-0.1074872577688771,0.7083693099146049,0.0007213299634936,0.6649579299058841,0.8422437825398027,-0.4494106751058261,0.240768350870484,0,0,0,8.011011476002116,1.6114707722465489,0.2195941779145993,0.1436005900185241,0.3023204786685301,0.6650137079805211,-0.5417313450198584,0.707603914949083,3.4360120193811534,-2.801606887813133,1.7300275097308089,8.011011476002116,9.529846674565226,1
250317,IE00BK5TWD80,"BAILLIE GIFFORD WORLD ""A"" (EUR) F",315,2020-04-06,2021-07-16,1.221980238646915,0.3285504143975663,2.4339183959771287,3.612320357977023,-0.2576790046057993,-0.3017881637179068,0.4612848102090763,0.0012245278412752,0.6812883656418628,1.176125219813068,-0.5115935369903474,0.2072538662718902,0,0,0,11.694070607124038,2.285002895284352,0.2300988228066527,0.1470577044658875,-0.0220484448586313,0.56711941045372,-0.5470984497012197,0.7579044650986213,5.021262611118753,-3.2035821499887733,1.4390508423461563,11.694070607124038,13.445810783008922,1
251463,IE00BQZHS253,"GAM STAR MBS TOTAL RETURN ""O"" (EURHDG)",1346,2016-01-06,2021-07-15,0.0103441266452142,0.0688418199480066,0.0058963091911163,0.003805984857144,-0.2049098760796076,-32.85256038655141,1158.3845158827628,-1.5676874294191135e-05,0.1726103487211046,0.2536145352038167,0.13416170476862,-0.0058626992500129,0,0,0,-0.7131892839031132,-0.5939558194768882,-0.003829224936174,0.0038989804687152,0.3952279659049392,-15.832881223331826,24.605006200946534,-0.8089112962051804,0.6412329197281418,0.9708418752259608,-0.4112520563183887,24.605006200946534,29.313500214132585,1
252330,LU1115920552,"PICTET MULTI ASSET GL ""IX"" (EUR)",1382,2016-01-06,2021-07-15,0.0415966371001996,0.1214918103795762,0.2544324622635713,0.2727560675649908,-0.1758682830930538,6.016408890503528,560.3958477409608,7.027915674380795e-05,0.1309875063213301,-0.001954896186085,-0.0580431371671689,0.034603309948425,0,0,0,-0.3931608400319195,-0.0103126439157405,0.0201160173242501,0.0145688979688915,0.6248768538578792,3.750405969195572,11.615653230566712,-0.937116808008121,-0.5721966007914296,-0.2716482480502492,-0.0599214409159896,11.615653230566712,12.280785598010372,1
253994,LU0694238923,"GLB FIXED INC OPPS ""I"" (EUR)",1384,2016-01-06,2021-07-15,0.5381789528967975,0.9150182176250586,0.4602277095204739,0.460326172975261,-0.1897694979475844,0.7058175522738792,6.691222850630247,0.0015853448981258,-0.0435878063453229,-0.1619118331681047,0.4255186417044693,0.2488984618135776,0,0,0,4.691885559912175,8.786199348205711,0.0399433824407201,0.0220102697285758,0.5149518048422853,1.0747796978271655,-0.4117733699767363,-1.4748387899337947,-1.3316632877511625,2.8542913910906043,1.8006140819554082,8.786199348205711,10.776860399648806,1
258684,FR0010251660,"AMUNDI EURO LIQUIDITY ""IC"" (EUR)",1375,2016-01-06,2021-07-14,-0.0026308009762292,0.0001643073332293,-76.37704382852661,-78.68708302571969,-0.0144414173178902,-2.4948494168333584,12.646493220514149,-4.979827624562016e-05,0.0011262547589551,0.001669827482206,0.0009755467177467,1.8313774700773352e-05,0,0,0,-0.8460536789734789,-1.3552695675624904,-7.362951765261019,-3.117963951510532,1.9013736434161783,-0.5378069395206929,-0.28241454933413,-1.3371117929737548,-0.5549866133570552,0.109872483046975,-0.3601924147552677,7.362951765261019,8.526970444934602,1
263059,LU0956005572,"BNP PARIBAS GLOBAL EQUITY ""N"" (USD) ACC",1387,2016-01-06,2021-07-15,0.6570198618467056,0.9000392820907763,0.5507109604764423,0.6506650127605559,-0.3124269859813086,0.7181564021155196,6.885321491810711,0.0016635389767698,0.3149781146228513,-0.9758479915412944,-0.5630061538606459,0.1699087451716644,0,0,0,5.908826874570956,8.620152717805714,0.0486610009355223,0.0295614840548212,-0.4549728042894361,1.0809963597188654,-0.4075572102137117,-0.370394096529898,-5.19618713560344,-3.5359341762424634,1.1148161417094076,8.620152717805714,12.314599628560915,1
263617,IE00BNQ4LN68,"GAM STAR MBS TOTAL RT ""O"" (USD)",1346,2016-01-06,2021-07-15,0.0312907473792867,0.0679224792575164,0.3081124929815024,0.1633411525691049,-0.1948122820331349,-32.84081537386861,1158.0059432885143,6.57898032658574e-05,0.1720271672842117,0.2519974878453516,0.1322257757884566,-0.0059977206393229,0,0,0,-0.4986940532706586,-0.6041470258877928,0.0252878256273791,0.0102281366479029,0.4750755570768948,-15.826963753413658,24.59678294637068,-0.8107075953111544,0.6335552683354516,0.958327244413378,-0.4124243277812391,24.59678294637068,29.29985950889348,1
265664,IE00B3L10240,"BLACKROCK ICS STERLIN ""IV"" (GBP)",1399,2016-01-06,2021-07-16,0.0011205180043323,0.0001123926723819,-77.86234977854582,-53.92669467233831,-3.181477066227512e-05,1.939765605833351,4.288727258461415,-3.4768480819036614e-05,0.0011101850529316,0.0017811158237938,0.0007262797732788,-6.524456117085032e-05,0,0,0,-0.807639844105948,-1.355845059357775,-7.506053725939114,-2.1356578732116542,2.015318811725193,1.696477663144199,-0.4639597489484905,-1.3371612904315564,-0.5544582224683725,0.1082611203287345,-0.3609178779809547,7.506053725939114,8.53139416952852,1
266337,LU0960404316,"AXA WF US CREDIT SHOR ""I"" (EURHDG) D",1329,2016-01-06,2021-07-15,-0.0248270220243469,0.0416712350246581,-0.841253838703136,-0.5738717075385437,-0.1942948334330748,-19.414982633215185,495.156958562559,-0.0001452565103428,0.035039302353851,0.0327253053734384,0.0077069741255053,0.0038620484528388,0,0,0,-1.0733449262504475,-0.8951510587643072,-0.0854479965776919,-0.0190189277821243,0.4791673262726005,-9.062649102182071,10.198551194892676,-1.232653774899413,-0.4075369225152215,0.153387162414339,-0.3268206616058141,10.198551194892676,13.789436007958269,1
267246,IE00BWCGWH04,"EI STURDZA STRATEGIC ""A""(EUR)",354,2016-01-15,2021-07-16,0.7824090600193525,0.3436785965979945,1.6604358602266245,1.837164864929314,-0.3743694994260271,-1.3151098256595066,12.94525141952752,0.0021958277241547,1.0057550618790596,0.9998060215834268,-0.0118112413626878,0.3251864686096398,0,0,0,7.192823244310514,2.452703976092741,0.1555775651393482,0.0766328788993582,-0.944788543259946,0.0565792676790598,-0.2759250021127111,1.757317682835153,4.184108813019242,0.0272134941351677,2.462955461952858,7.192823244310514,9.242095183796366,1
271958,LU1022392457,"BNP EURO ST COR BD ""N"" (EUR) ACC",513,2016-01-06,2021-07-15,-0.0046136108208069,0.0262527800149374,-0.1761430195243314,-0.1080608591465878,-0.038017324350336,-20.75385858235577,453.87767200139234,-4.912791779855216e-05,0.0215744226828831,0.0282242764691005,0.0277287305842767,0.0158682427024033,0,0,0,-0.866357825418503,-1.0660699130766578,-0.021367823538952,-0.0005390549633893,1.7149451360340315,-9.737212712045164,9.301893361601929,-1.27412791962507,-0.4289075587275898,0.2828159239383382,-0.2225814816645643,9.737212712045164,13.715101062618672,1
272595,FR0010899005,"AMUNDI EURO LIQUIDITY ""I"" (EUR) D",1358,2016-01-06,2021-06-30,-0.0028221506547035,0.0004921160843817,-25.916567328635185,-24.679887879869188,-0.0152855552749366,-30.69223829189664,1057.6654346261812,-5.063110865700334e-05,0.0011088491280182,0.0015630226056039,0.0007364760336755,2.2567031893758677e-05,0,0,0,-0.84801311643773,-1.3516356952876614,-2.501331757752119,-0.9753644370567268,1.8946985501041715,-14.74444978831148,22.41721274098105,-1.3371654053100075,-0.5554937170020399,0.1083270330950815,-0.3601554874798413,22.41721274098105,27.12032784071934,1
275488,LU1258507315,"EMERGING MARKETS FI OPP ""A"" (EUR) A",1384,2016-01-06,2021-07-15,0.4896719648934318,0.8738382105924735,0.4451861840025451,0.4900276043236314,-0.2444374804136632,0.7409426232971389,7.51730269049796,0.0013544018961281,0.4178382805234661,0.2527209197369713,0.1665825794472825,0.4484150019703295,0,0,0,4.195169754954514,8.32970486687496,0.0384942050552949,0.0231885992495543,0.0826600436507259,1.0924767030809808,-0.3938294804125747,-0.0535670983454787,0.6369900829320277,1.1804235703097474,3.532839972887466,8.32970486687496,10.130344294517823,1
277001,LU0090865873,"ABERDEEN STANDARD LIQ ""A2"" (EUR)",1391,2016-01-06,2021-07-16,-0.0042719413315623,0.0002135775224643,-66.2734914131886,-67.9282812335458,-0.0233507587350663,-6.313291996571486,104.28019428626764,-5.62984075204255e-05,0.0014264831565372,0.0018990081069571,0.0008817994684912,-4.814933611499543e-05,0,0,0,-0.8628590999283162,-1.3547233906407117,-6.389523926754027,-2.6911355736663696,1.830922261847859,-2.461646420165979,1.7080286656250747,-1.336187037883747,-0.5538984764304611,0.1092664627713605,-0.3607694552415176,6.389523926754027,8.075373824750057,1
282000,LU0218340254,PRISMA SICAV - MERCHB (USD),609,2016-01-06,2021-07-14,0.7400777964908898,0.4567603397094938,1.1941396385208172,1.4888215390096249,-0.4378138465027373,-0.0112010849837476,10.037796668155606,0.0022637488081493,1.055207150340577,1.3215772258263676,0.1331216158259623,-0.7477113461724991,0,0,0,6.7593473987899415,3.706253826844685,0.1106522057667384,0.0628132343323121,-1.4464801605142985,0.7135254079147307,-0.3390799714674517,1.9096386187779504,5.7118606883436565,0.9641183180795038,-6.852068603870963,6.852068603870963,12.095872153338664,1
282242,LU0956005655,"BNP PARIBAS GLOBAL EQUITY ""I"" (EUR)ACC",1377,2016-01-06,2021-07-15,0.572750874286523,0.8542508950592362,0.518929596960599,0.6095115603459244,-0.3149111546517131,0.7977471695520788,7.994165660817472,0.001529812502425,0.7721335472183904,0.709628300672941,-0.201138970213475,0.4843629191435041,0,0,0,5.045905062439087,8.112572765903447,0.0455990220670732,0.0279288244263483,-0.4746165811618024,1.121096441752785,-0.3834711880736385,1.0377232455409904,2.806361048605717,-1.1966778022038007,3.844943985935865,8.112572765903447,10.866240667356871,1
282243,LU0950374610,"BNP PARIBAS GLOBAL EQUITY ""P"" (EUR)ACC",1378,2016-01-06,2021-07-15,0.6815575734250614,0.9320053263745682,0.5475577584192088,0.6476256284400149,-0.3105920917844705,0.7050951494228911,6.571897415443537,0.00172864383773,0.8176124070320816,0.1418913632630799,-0.0209400099481725,0.2199719625959277,0,0,0,6.160095189924121,8.974507266457897,0.0483572053459345,0.0294409041329822,-0.4404632210165676,1.0744157308179365,-0.4143653257754987,1.1778059540361714,0.1107774805870329,-0.0317985717987801,1.5494708391973298,8.974507266457897,11.127138167199096,1
283756,FR0011307099,"AMUNDI EURO LIQUIDITY ""DP"" (EUR) A",1397,2016-01-06,2021-06-30,-0.0028863855758392,0.0001437631628354,-89.11742223550903,-89.75020333813242,-0.0158950154181192,-2.3780010654660297,10.093469892256378,-5.085010872617503e-05,0.0011862470408834,0.0019084790462952,0.0007907064780926,-0.0001553515404622,0,0,0,-0.848670887655272,-1.3554973067272968,-8.59042488606584,-3.556865400580523,1.8898791917377653,-0.4789354318537644,-0.337870652299095,-1.336927006429507,-0.5538535089344759,0.1086776007024866,-0.3617001972932264,8.59042488606584,9.754806553361991,1
285430,LU0957145369,"BNP PARIBAS INSTICASH ""P"" (EUR) D",1271,2016-06-08,2021-07-15,-0.0030622010392659,0.0001804605653839,-76.32365979706195,-80.64633393583541,-0.0154027643049903,-1.6321827564901552,13.369445396884029,-5.46179309328244e-05,0.0013162881672162,0.0021333448955239,0.0009589551492473,-5.178926482746893e-05,0,0,0,-0.8504712533970893,-1.35509050345188,-7.357808475037618,-3.1956922993236416,1.893771709643928,-0.103171051944117,-0.2667107718215002,-1.336526457399318,-0.552785858323341,0.1097652284128953,-0.3608010575274832,7.357808475037618,8.532972379404306,1
286581,ES0114633003,PANDA AGRICULTURE & WATER,1432,2016-01-06,2021-07-15,0.1272687847907221,0.2138391825722674,0.5142716699887498,0.9167100145367096,-0.3687641957994938,15.592286205193822,452.7059959842181,0.0002653835645703,0.4718109519121944,-0.0021092953319223,-0.1249857597320141,0.0526453708770849,0,0,0,0.4841294547107,1.0133896040708352,0.0451502535945855,0.0401161497820274,-0.9004641239669702,8.57500407565189,9.276442522539543,0.1126780103451606,-0.5729296793935266,-0.7043925354746742,0.0967218380915769,9.276442522539543,12.747759520360816,1
286963,LU0594540485,"CANDRIAM BD EUR ST ""I"" (EUR) D",1099,2016-01-06,2021-07-15,-0.0669163090518306,0.1486180666130159,-0.5295318383156697,-0.355702714028282,-0.3243702964743948,-32.91959024116969,1085.772066427362,-0.0002895451189063,-0.012202218680383,0.0029941248424117,-0.0778105807913433,-0.076740662675428,0,0,0,-1.5043429112108817,0.2903911966623014,-0.0554151070969978,-0.0103636221640196,-0.5494155566027763,-15.8666527618593,23.027737623347992,-1.3781657830504035,-0.5486989227593166,-0.3994330281738486,-1.0266228082649635,23.027737623347992,28.07300647984169,1
287568,LU1380459278,"VONTOBEL TWTY ABS RET CR ""AH"" (EURHDG) D",1300,2016-03-24,2021-07-15,-0.0140821577600421,0.0341633790697995,-0.7152780340472069,-0.4708956968632835,-0.136217036615442,-14.065530026392496,225.2695355178149,-0.0001075166937508,0.0478406888288106,0.0496201096826919,0.0213653736309039,0.0139355250253805,0,0,0,-0.9633165752459568,-0.9783782133227604,-0.0733108441990652,-0.0149336137813258,0.9384224869692396,-6.367443423443768,4.33612739497696,-1.1932233033077293,-0.3273213263824696,0.2416806014052669,-0.2393615621399508,6.367443423443768,7.985261305568501,1
287872,LU0093571064,"BL CORP BOND OPP ""A"" (EUR) D",1383,2016-01-06,2021-07-15,-0.0124034515379227,0.0253334138232274,-0.8817764603065269,-0.5971803791290078,-0.1114774366371292,-16.600535570029525,360.0218109138305,-8.981982018091433e-05,0.0260029905926521,0.0360926948788251,-0.0137899698632433,0.0021304271031085,0,0,0,-0.9461264765255494,-1.0762614021773174,-0.0893521528918754,-0.0199436406522784,1.1340529961513832,-7.644650988219575,7.263180969620305,-1.2604871689532924,-0.3915487434489612,0.0144221898484282,-0.3418548002939494,7.644650988219575,10.788959598788272,1
288115,LU1378878430,"ASIA OPPORTUNITY ""A"" (EUR) A",1324,2016-04-01,2021-07-15,0.8021679636952261,0.917272998575192,0.6316355499989837,0.7483899080611458,-0.3632433572332353,0.6492775039136204,6.434998538706672,0.0021981306651129,0.8731990825793963,1.1023335637311311,0.4222173122050451,0.0610076995894452,1,0,0,7.395156148257497,8.811194367257825,0.0564576891717715,0.0334384732718251,-0.8568076193841815,1.0462932206832514,-0.4173390072613191,1.3490224730696267,4.670903910663516,2.832950257041103,0.1693245520954105,8.811194367257825,12.885041320168227,1
292825,LU1008595057,"BL-BOND EMERGING MARKETS EURO ""A"" (EUR)D",1384,2016-01-06,2021-07-15,-0.02578213004186,0.0378248733765501,-0.950949354841291,-0.646663984546081,-0.1829856999726785,-15.52645139040921,343.6512129705367,-0.0001513519504185,0.0441928697970019,0.0384702536467105,0.0020268860021353,0.0089801454001848,0,0,0,-1.0831253159895011,-0.9377892949397938,-0.0960166228171294,-0.0219067781315295,0.5685952692953492,-7.103496968710454,6.907583135831266,-1.2044592131825456,-0.3802602259606516,0.1166687669694238,-0.2823847464805436,7.103496968710454,10.111807723433506,1
292897,LU0239681009,"EURO CORPORATE BOND ""IX"" (EUR) D",1382,2016-01-06,2021-07-15,0.0199963086292198,0.0474148131245712,0.2095326727875972,0.1673781280651655,-0.1388888888888891,-11.62261146046219,351.30425396495343,5.18376320469157e-05,0.1208555502085005,0.2073188105583945,0.0291620979068965,-0.0506657725215362,0,0,0,-0.6143500951361148,-0.8314815284597635,0.0157901423030382,0.0103882934883824,0.9172945859048676,-5.13663188523271,7.073820484579308,-0.9683249750653832,0.4214233804843947,0.2920817921830985,-0.8002375682628343,7.073820484579308,8.954073955943796,1
292899,LU0360481237,"EUROPEAN HIGH YIE ""ZH"" (USDHDG)",830,2016-01-06,2021-07-15,0.0511319482974081,0.0896465977516562,0.5437929785962927,0.3087496235823582,-0.1612685560053988,-21.09483509431968,544.72802324297,0.0001058322151645,0.1568450856962714,0.0756849473740169,0.0154062429947188,-0.0632003314700082,0,0,0,-0.2955184183562099,-0.3633277322800227,0.0479944872310749,0.0159968516968718,0.7403254482806687,-9.909006332609144,11.275320857187848,-0.8574710172207173,-0.2035669190959699,0.2031583618810083,-0.909064072195283,11.275320857187848,15.09091160571746,1
292947,LU1258507661,"EMERGING MARKETS FI OPP ""Z"" (USD) A",1382,2016-01-06,2021-07-15,0.6148650555888018,0.9222920727697091,0.5094292617903822,0.5594262455226086,-0.245693563009973,0.730826228365514,6.7969455593737855,0.0016572851321249,0.369314474217611,-0.2321670063917331,0.1308739122025676,0.2193115512061158,0,0,0,5.477157966953438,8.86683252364215,0.0446837112585899,0.0259418156410948,0.0727274627639561,1.0873797768958042,-0.409476889033173,-0.2030287656270631,-1.6652309632557818,0.9495882494090536,1.5437370704220703,8.86683252364215,10.773906451306024,1
293572,IE00BYVJR809,"JAMS JUPITER GOLD & SILVER ""L"" (USD) A",1322,2016-03-09,2021-07-16,0.1987779855177138,0.3536781536535973,0.4839164629810382,0.7151626811906483,-0.4848890647350632,0.3634920500640504,5.0510618904756175,0.000348550483702,1.080273696812328,1.4217932162079925,0.8851757001161444,0.6782073672432933,0,0,0,1.2163899322839935,2.563552490713504,0.0422256779275071,0.0321202666890335,-1.8187314871615985,0.9023064177842433,-0.4474005160661226,1.9868478922023045,6.18768066609227,5.825701213125678,5.527924111533872,6.18768066609227,10.913662311750816,1
293577,IE00BYVJRD56,"JAMS JUPITER GOLD & SILVER ""I"" (USD) A",1324,2016-03-09,2021-07-16,0.2079622129576241,0.3534814180802776,0.5058366305853588,0.7476074801631398,-0.4702803035357926,0.3647175775231353,5.062532748630627,0.0003791886341199,1.0799566712359818,1.4214847759026474,0.8844708139395516,0.677432247403766,0,0,0,1.3104372255402303,2.5613716095050374,0.0443375788207407,0.0334074324145869,-1.7032114547261932,0.9029238732156571,-0.4471513490945953,1.9858713989133625,6.186216208587363,5.821144542733664,5.521194430608424,6.186216208587363,10.898594641109337,1
293987,LU0783285769,"BNP PARIBAS INSTICASH ""P"" (GBP) D",1383,2016-01-06,2021-07-16,2.204636473379651e-11,6.6428056024027285e-06,-1494.9384726323729,,-1.0999879001327706e-05,0.0004327906725212,687.500361616148,-3.942992962117477e-05,0.0011590622687997,0.0018773482374489,0.0008062377979856,-5.953810805499919e-05,0,0,0,-0.8191140463693846,-1.357017332848358,-144.0344044053888,0.0245165682124682,2.015483407266663,0.7193868838523847,14.37658413580226,-1.3370107402020528,-0.5540013162925247,0.1087780014591693,-0.3608683338888965,144.0344044053888,144.78233709052054,1
340024,FR0007435920,"AMUNDI EURO LIQUIDITY ""I"" (EUR) B",1408,2016-01-06,2021-07-15,-0.0028330744917375,0.0001489896428052,-85.23228031765692,-87.11290758652625,-0.0157653803714286,-2.1907448157058345,8.912902232537986,-5.0399781909598656e-05,0.001190640799379,0.0019225289438953,0.0008253881591029,-0.0001656521440323,0,0,0,-0.8481249774855684,-1.3554393694068614,-8.216110472291291,-3.452237330531664,1.8909042919905648,-0.3845904315654677,-0.363514633288148,-1.3369134728978165,-0.5537868007979999,0.1089017971674658,-0.3617896283357971,8.216110472291291,9.38463032102331,1
410006,LU0145217120,"LANDOLT INVESTMENT ""USD"" (USD) ACC",1328,2016-01-06,2021-07-16,0.2610069545367595,0.3713018386924384,0.6001908190964167,0.8894144251583553,-0.5094339622641529,0.3087234306623497,4.755356254787424,0.0005799692935095,0.842616894750002,1.170095340103504,1.1350685156121645,0.8197988747740264,0,0,0,1.853620024489179,2.758917075148283,0.0534281432084672,0.0390332659849546,-2.012822370023434,0.8747124367029162,-0.4538237563078151,1.2548240758274816,4.9926330758688815,7.441109815762316,6.757238107697499,7.441109815762316,11.983563374595256,1
544028,ES0136787035,"DWS FONDEPOSITO PLUS ""A"", FI",1259,2016-01-06,2020-11-24,-0.0031108537145533,0.0002245207295282,-62.99835309505112,-71.9806912497153,-0.0155757467033681,-3.057240983760825,72.4124081337021,-5.596263340869631e-05,0.0012181161439093,0.0016799685690892,0.0008533272028458,-4.66690008965457e-05,0,0,0,-0.8509694610525936,-1.354602081442567,-6.073980375062627,-2.851904739877728,1.8924038364889917,-0.8211557335494951,1.0158049751552458,-1.3368288441121692,-0.5549384640376029,0.1090824064879946,-0.3607566027983536,6.073980375062627,7.423621433405113,1
548002,ES0107499032,FON FINECO DINERO FI (EUR),1426,2016-01-06,2021-07-15,-0.0028573555918168,0.0001303130749128,-97.35750103948918,-113.86934226936845,-0.016214417030693,-2.45090886894123,38.56231812521035,-5.041542983447032e-05,0.0011506626771314,0.0018630993731533,0.0009304352444446,-4.469207982385398e-05,0,0,0,-0.8483736180767,-1.3556464055583204,-9.384316160100203,-4.513731522280619,1.8873534960856049,-0.5156684474337283,0.2805222003733634,-1.3370366123887345,-0.5540689691118625,0.109580864170677,-0.3607394389388372,9.384316160100203,10.82313203866911,1
641002,LU0128498697,"PICTET SHORT-TERM MONEY MKT(CHF) ""P"" INC",1377,2016-01-06,2021-07-16,-0.0094342350612137,0.0021168517444548,-9.120285398129456,-8.85324925848277,-0.0504891549932191,-20.193398715748444,537.6577404879412,-7.675752634704864e-05,0.0004108086092021,0.0009172562462919,0.000974657190895,0.0007275629579355,0,0,0,-0.915721439786931,-1.3336249440544774,-0.883092178003351,-0.3474823903397758,1.616323065295639,-9.454837163328566,11.121742030032411,-1.3393154901387767,-0.5585597799481682,0.1098667327843042,-0.3540346305567423,11.121742030032411,14.881547469960891,1
642003,LU0128494514,"PICTET SHORT-TERM MONEY MKT(EUR) ""P"" INC",1385,2016-01-06,2021-07-16,-0.0052973357602245,0.0006534484496428,-23.19207602380756,-22.80170929795404,-0.0287708906283067,-26.273023247681756,864.3251744135351,-6.0210849493368784e-05,0.0011277884716172,0.0015939071558665,0.0003761510905705,-2.543807676608212e-05,0,0,0,-0.8733592286725842,-1.3498472707654547,-2.2388403514757136,-0.9008524297806346,1.7880621039213551,-12.517924130799754,18.21752633038235,-1.3371070688750275,-0.5553470788661218,0.1059977463899754,-0.3605722734367964,18.21752633038235,22.41473075958537,1
643003,LU0128497293,"PICTET SHORT TERM MONEY MKT(USD) ""P"" INC",1340,2016-01-06,2021-07-16,0.0124489052324407,0.0022458994309876,1.129541263070965,0.6305002394808703,-0.003555431225755,-13.030447258879793,337.05632170344103,1.0309949765059848e-05,0.0008003362578593,0.0024923233537524,3.090230409899096e-05,-0.0001522536765643,0,0,0,-0.691636166852445,-1.332194406252866,0.1044284683721807,0.0287614974359744,1.9874555123235589,-5.8459394195749725,6.764330637860406,-1.3381156780000996,-0.551081448464634,0.1037659180814704,-0.3616733012772549,6.764330637860406,9.40116005684179,1
